Workbook
Name 산출자: #REF!
Name 산출자: #REF!

Sheet 정보입력-Rev.2
B2: 정보입력
B3: 현장명칭 | C3: ○○○○○○ 아파트
B4: 현장주소 | C4: 인천 서구 율도로 81번길 4
B5: 점검기간 (현장 작업기간) | C5: 2026 | D5: 년 | E5: 9 | F5: 월 | G5: 2 | H5: 일 | I5: ~ | J5: 2026 | K5: 년 | L5: 9 | M5: 월 | N5: 2 | O5: 일
B6: 점검일수 | C6: =DATE(J5,L5,N5)-DATE(C5,E5,G5)+1 -> 1
B7: 연면적(m2) | C7: 14200 | P7: <= 오피스텔,빌딩,공장등 공동주택제외한 건물인 경우 입력
B8: 세대수(세대) | P8: <= 공동주택(아파트)만 입력
B9: 점 검 자 | C9: 홍길동
B10: 제출일자 | C10: 46295
B11: 성능점검기준일 | C11: 45034 | P11: <= 오른쪽 기준일 적용 시 참고해서 적용
B12: ※ 아래 유지관리자 테이블은 결과보고서의 유지관리자 입력의 번거러움, 오타 등을 방지하기 위한 것으로 유지관리자 추가/수정 또는 삭제 시 아래 명단에서 삭제/수정/추가하시면 되겠습니다.
B16: 유지관리자 (삭제 금지) | P16: ※ 26.06.11 기준 현황이며, 변동사항 발생 시 때마다 필히 반영할 것
B17: 성명 | C17: 등급 | H17: 수첩발급번호 | O17: 법인 | Q17: 특이사항
B18: 곽동현 | C18: 기계설비유지관리특급 | H18: 202111-V00007 | O18: 기계설비-본사
B19: 김성한 | C19: 기계설비유지관리특급 | H19: 202103-C00275 | O19: 기계설비-본사 | Q19: 비상주
B20: 권양국 | C20: 기계설비유지관리특급 | H20: 202208-U00769 | O20: 기계설비-본사 | Q20: 비상주
B21: 양준우 | C21: 기계설비유지관리특급 | H21: 202402-E01032 | O21: 기계설비-본사
B22: 박천택 | C22: 기계설비유지관리중급 | H22: 202212-Z00556 | O22: 기계설비-본사 | Q22: 비상주
B23: 이한민 | C23: 기계설비유지관리초급 | H23: 202303-T02766 | O23: 기계설비-본사
B24: 이민우 | C24: 기계설비유지관리초급 | H24: 202303-F02979 | O24: 기계설비-본사
B27: 황선구 | C27: 기계설비유지관리특급 | H27: 202104-N01755 | O27: 기계설비-인천
B28: 최상수 | C28: 기계설비유지관리특급 | H28: 202305-J00353 | O28: 기계설비-인천 | Q28: 비상주
B29: 이승건 | C29: 기계설비유지관리고급 | H29: 202207-A00382 | O29: 기계설비-인천
B30: 신상훈 | C30: 기계설비유지관리중급 | H30: 202301-X00759 | O30: 기계설비-인천
B32: 정상석 | C32: 기계설비유지관리특급 | H32: 202212-J00191 | O32: 기계설비-광주
B33: 양병일 | C33: 기계설비유지관리특급 | H33: 202211-D00091 | O33: 기계설비-광주 | Q33: 비상주
B34: 장동근 | C34: 기계설비유지관리고급 | H34: 202104-M04872 | O34: 기계설비-광주 | Q34: 비상주
B35: 김중현 | C35: 기계설비유지관리고급 | H35: 202207-O00938 | O35: 기계설비-광주

Sheet II. 표지
J14: CHAPTER II. 기계설비 성능점검 결과 보고서

Sheet II. 결과보고서
A2: ■ 기계설비 유지관리기준[별지 제4호 서식]
D4: II. | H4: 기계설비 성능점검 결과 보고서
A5: (앞쪽)
A6: 점검현장 개 요 | D6: 명칭(상호) | G6: ='정보입력-Rev.2'!$C$3 -> ○○○○○○ 아파트 | N6: 선임자격 | R6: 특급 | T6: [ ] | V6: 고급 | X6: [ ]
R7: 중급 | T7: [ ] | V7: 초급 | X7: [√ ]
D8: 주 소 | G8: ='정보입력-Rev.2'!$C$4 -> 인천 서구 율도로 81번길 4
D9: 용 도 | G9: 공동주택 | N9: 연면적 [세대수] | R9: =IF('정보입력-Rev.2'!$C7="","",'정보입력-Rev.2'!C7) -> 14200 | X9: m2
R10: =IF('정보입력-Rev.2'!C8="","",'정보입력-Rev.2'!C8) | X10: (세대)
D11: 건물구조 | G11: 지상 35 층, 지하 7 층 | N11: 성능점검 기준일 | R11: ='정보입력-Rev.2'!$C$11 -> 45034
A14: 관리주체 | D14: 성 명 (대표자) | G14: ○○○○○○ 아파트입주자 대표회의(홍길동) | N14: 전화번호 | R14: 032-328-8182
D16: 주 소 | G16: 경기도 부천시 상동로 117번길 37, 진성프라자 3층
A18: 점검대상 기계설비 종류 | G18: 냉동기, 냉각탑, 축열조, 보일러, 열교환기, 팽창탱크, 펌프, 신재생에너지(지열), 패키지에어컨, 항온항습기, 공기조화기, 팬코일유닛, 환기, 필터, 위생기구, 급수·급탕, 고·저수조, 오·배수 통기 및 우수 배수, 오수정화, 물재이용, 배관, 덕트, 보온, 자동제어, 방음·방진·내진
A21: 점검기간 | G21: ='정보입력-Rev.2'!C5&"년 "&'정보입력-Rev.2'!E5&" 월 "&'정보입력-Rev.2'!G5&" 일 ~ "&'정보입력-Rev.2'!J5&" 년 "&'정보입력-Rev.2'!L5&" 월 "&'정보입력-Rev.2'!N5&" 일( 총 점검일수 : "&'정보입력-Rev.2'!C6&" 일 ) " -> 2026년 9 월 2 일 ~ 2026 년 9 월 2 일( 총 점검일수 : 1 일 )
A23: 점검방법 | G23: [ ] | I23: 자체점검 | P23: [V] | R23: 성능점검업체 대행 | AA23: 23.11.29 개정 고시 반영
A24: 점검 참여 | G24: 상호( 명칭 ) | N24: 대표자 | S24: 성능점검업(사업자)등록번호 | AA24: 23.11.29 개정 고시 반영 | AI24: 법인 선택 아래 누르시오 | AJ24: 사업자등록번호
A25: 성능점검업체 | G25: 한국기계설비관리㈜ | N25: 이 승 원 | S25: =AJ25 -> 825-88-00620 | AI25: 본사 | AJ25: =VLOOKUP(AI25,AI27:AJ30,2,0) -> 825-88-00620
A27: 점검 참여 기계설비유지관리자 | AI27: 본사 | AJ27: 825-88-00620
A28: 성명 | G28: 등급 | N28: 수첩발급번호 | S28: 점검기간 | AI28: 인천 | AJ28: 514-86-02914
A29: 곽동현 | G29: =IF(ISBLANK(A29),"",VLOOKUP(A29,'정보입력-Rev.2'!$B$18:$N$51,2,0)) -> 기계설비유지관리특급 | N29: =IF(ISBLANK(A29),"",VLOOKUP(A29,'정보입력-Rev.2'!B:N,7,0)) -> 202111-V00007 | S29: =IF(A29="","",'정보입력-Rev.2'!$C$5&"."&'정보입력-Rev.2'!$E$5&"."&'정보입력-Rev.2'!$G$5&" ~ "&'정보입력-Rev.2'!$J$5&"."&'정보입력-Rev.2'!$L$5&"."&'정보입력-Rev.2'!$N$5) -> 2026.9.2 ~ 2026.9.2 | AI29: 광주 | AJ29: 398-81-03107
A30: 김성한 | G30: =IF(ISBLANK(A30),"",VLOOKUP(A30,'정보입력-Rev.2'!$B$18:$N$51,2,0)) -> 기계설비유지관리특급 | N30: =IF(ISBLANK(A30),"",VLOOKUP(A30,'정보입력-Rev.2'!B:N,7,0)) -> 202103-C00275 | S30: =IF(A30="","",'정보입력-Rev.2'!$C$5&"."&'정보입력-Rev.2'!$E$5&"."&'정보입력-Rev.2'!$G$5&" ~ "&'정보입력-Rev.2'!$J$5&"."&'정보입력-Rev.2'!$L$5&"."&'정보입력-Rev.2'!$N$5) -> 2026.9.2 ~ 2026.9.2
G31: =IF(ISBLANK(A31),"",VLOOKUP(A31,'정보입력-Rev.2'!$B$18:$N$51,2,0)) | N31: =IF(ISBLANK(A31),"",VLOOKUP(A31,'정보입력-Rev.2'!B:N,7,0)) | S31: =IF(A31="","",'정보입력-Rev.2'!$C$5&"."&'정보입력-Rev.2'!$E$5&"."&'정보입력-Rev.2'!$G$5&" ~ "&'정보입력-Rev.2'!$J$5&"."&'정보입력-Rev.2'!$L$5&"."&'정보입력-Rev.2'!$N$5)
G32: =IF(ISBLANK(A32),"",VLOOKUP(A32,'정보입력-Rev.2'!$B$18:$N$51,2,0)) | N32: =IF(ISBLANK(A32),"",VLOOKUP(A32,'정보입력-Rev.2'!B:N,7,0)) | S32: =IF(A32="","",'정보입력-Rev.2'!$C$5&"."&'정보입력-Rev.2'!$E$5&"."&'정보입력-Rev.2'!$G$5&" ~ "&'정보입력-Rev.2'!$J$5&"."&'정보입력-Rev.2'!$L$5&"."&'정보입력-Rev.2'!$N$5)
A33: 「기계설비법」제17조제3항에 따라 기계설비 성능점검 결과보고서를 제출합니다.
A34: ='정보입력-Rev.2'!$C$10 -> 46295
A35: 관리주체 (서명 또는 인)
A36: 특별자치시장 · 특별자치도지사 · 시장 · 군수 · 구청장 귀하
A37: 첨부서류 | D37: 1. 기계설비 성능점검 대상 점검표(별지 제3호서식)
D38: 2. [별표 3]에 따른 기계설비 시스템 검토, 성능개선 계획 수립 및 에너지사용량 검토 결과

Sheet 점검결과내역서
A1: (뒷쪽)
A2: 점검결과 내역서 | AB2: 점검결과 내역서 표준안 ※ 준공 후 5년 미만 2. 준공 후 설비 가동 기간이 0년 정도로 가동기간이 짧으며 최신의 기계 설비로, 노후 진행이 없고 기계설비 전체가 안정적이며, 외관 등의 상태가 양호하여 기계 설비 성능이 적합함. ※ 준공 후 5~15년 2. 준공 후 설비가동 기간이 00년 정도로 기계설비 내구년한에 가까워지고 있으며, 노후가 서서히 진행되고 있으나 체계적인 유지관리로 기계설비 성능은 적합함. 3. 본 건물의 용도는 주거시설, .......... 로써 현재 기계설비 성능점검 항목으로는 이 상이 없으나 전반적으로 노후가 많이 진행되고 있어 추후 기계설비성능 개선계획 을 수립하여 에너지 효율화 및 성능 개선이 필요합니다. ※ 준공 후 15년 이상 2. 준공 후 설비 가동 기간이 00년으로 기계설비 내구 년한에 도래하였으나 예방적 유지관리 및 사후유지관리를 통해 설비수명을 연장하고 있어 기계설비 성능은 적 합하나 기계설비가 전반적으로 노후가 많이 진행되었습니다. 3. 본 건물의 용도는 주거시설, .......... 로써 현재 기계설비 성능점검 항목으로는 이 상이 없으나 전반적으로 노후가 많이 진행되고 있어 추후 기계설비성능 개선계획 을 수립하여 에너지 효율화 및 성능 개선이 필요합니다. ※ 유지관리점검표를 기록 보관하고 있지 않을 경우 4. 기계설비 유지관리 기준 양식에 의한 유지관리 및 점검표를 기록 보관하지 않 으므로 즉시 유지관리 점검표 작성 및 보관을 해야 함.
A3: 현장 명칭 | F3: ='정보입력-Rev.2'!$C$3 -> ○○○○○○ 아파트 | M3: 주소 | P3: ='정보입력-Rev.2'!$C$4 -> 인천 서구 율도로 81번길 4
A4: 점검결과 (특기사항) | F4: 1. 당 건물은 2007년 08월 28일 준공 후 15년 경과하였습니다. 2. 준공 후 설비 가동 기간이 15년으로 기계설비 내구 년한에 도래하였으나 예방적 유지관리 및 사후유지관리를 통해 설비수명을 연장하고 있어 기계설비 성능은 적 합하나 기계설비가 전반적으로 노후가 많이 진행되었습니다. 3. 본 건물의 용도는 주거시설, 상업시설, 업무시설, 교육시설 ,공장 등으로 기계설 비 성능점검 항목으로는 이상이 없으므로 추후 기계설비 유지관리 계획을 수립 하여 성능, 안전 및 에너지 효율화에 힘써야 할 것입니다. 4. 기계설비 유지관리 기준 양식에 의한 유지관리 및 점검표를 기록 보관하지 않으므 로 즉시 유지관리 점검표 작성 및 보관을 해야 함.
A6: 점검자(대표자) | F6: 상호(명칭) | I6: 한국기계설비관리㈜ | O6: 성명 | R6: 이승원 | U6: (서명 또는 인)
A8: 구분 | I8: 점검결과 | M8: 조치필요사항
A9: 열원 및 냉난방설비 | I9: × | M9: 열교환기 압력계 고장 및 규격 외 볼트사용으로 케이싱 조립 불가, 펌프 전류 차단 장치 문제 有
A10: 공기조화설비 | I10: /
A11: 환기설비 | I11: ○
A12: 위생기구설비 | I12: × | M12: 양변기 막힘 및 소변기 센서 불량
A13: 급수·급탕설비 | I13: ○
A14: 오·배수통기 및 우수배수설비 | I14: × | M14: 102동 수중펌프 #5 고장
A15: 오수정화 및 물재이용설비 | I15: ○
A16: 배관설비 | I16: ○
A17: 덕트설비 | I17: ○
A18: 보온설비 | I18: × | M18: 동파방지 열선 수동으로 ON/OFF 시켜서 사용 중
A19: 자동제어설비 | I19: ○
A20: 방음·방진·내진설비 | I20: ○
A21: 작 성 방 법
A22: 1. 점검결과에는 [ 적합 ○, 조치필요 ×, 해당없음 / ]을 표기한다.
A23: 2. 조치필요사항에는 점검대상 기계설비의 성능점검 결과에 따른 조치필요사항을 작성한다.
A24: 3. 고장 등으로 장기간 사용되지 않는 기계설비도 포함하되, 점검결과에는 [미사용]을 표기한다.

Sheet III. 표지
J14: CHAPTER III. 기계설비 성능점검 대상 점검표

Sheet III. 기계설비성능점검표
A3: ■ 기계설비 유지관리기준 [별지 제3호서식]
C7: III. | F7: 기계설비 성능점검 대상 점검표
A9: 상호(명칭) | C9: ='정보입력-Rev.2'!C$3 -> ○○○○○○ 아파트 | H9: 현장주소 | J9: ='정보입력-Rev.2'!C$4 -> 인천 서구 율도로 81번길 4
A11: 구분 | B11: 대상설비 | E11: 대상 | G11: 점검결과 | I11: 구 분 | K11: 대상설비 | L11: 대상 | M11: 점검결과
A12: 열원 및 냉·난방설비 | B12: 냉동기 | E12: [ ] | I12: 환기설비 | K12: 환기설비 | L12: [√ ] | M12: ○
B13: 냉각탑 | E13: [ ] | K13: 필터 | L13: [ ] | Q13: 곽동현 | S13: 황선구 | U13: 강길모 | W13: 정상석
B14: 축열조 | E14: [ ] | I14: 위생기구설비 | K14: 위생기구설비 | L14: [√ ] | M14: ×
B15: 보일러 | E15: [ ] | I15: 급수‧급탕설비 | K15: 급수‧급탕설비 | L15: [√ ] | M15: ○
B16: 열교환기 | E16: [√ ] | G16: × | K16: 고‧저수조 | L16: [√ ] | M16: ○
B17: 팽창탱크 | E17: [ ] | G17: ○ | I17: 오‧배수통기 및 우수배수설비 | K17: 오‧배수 통기 및 우수배수설비 | L17: [√ ] | M17: ×
B18: 펌프(냉 ‧ 난방) | E18: [√ ] | G18: × | I18: 오수정화 및 물 재이용설비 | K18: 오수정화설비 | L18: [ ]
B19: 신재생 | C19: 지열 | E19: [ ] | K19: 물 재이용설비 | L19: [√ ] | M19: ○
C20: 태양열 | E20: [ ] | I20: 배관설비 | K20: 배관설비 | L20: [√ ] | M20: ○
C21: 연료전지 | E21: [ ] | I21: 덕트설비 | K21: 덕트설비 | L21: [√ ] | M21: ○
B22: 패키지 에어컨 | E22: [ ] | G22: ○ | I22: 보온설비 | K22: 보온설비 | L22: [√ ] | M22: ×
B23: 항온항습기 | E23: [ ] | I23: 자동제어설비 | K23: 자동제어설비 | L23: [√ ]
A24: 공기조화설비 | B24: 공기조화기 | E24: [ ] | I24: 방음‧방진‧내진설비 | K24: 방음‧방진‧내진설비 | L24: [√ ]
B25: 팬코일 유닛 | E25: [ ]
A27: ="점검기간 : "&'정보입력-Rev.2'!C5&" 년 "&'정보입력-Rev.2'!E5&" 월 "&'정보입력-Rev.2'!G5&" 일 부터 "&'정보입력-Rev.2'!J5&" 년 "&'정보입력-Rev.2'!L5&" 월 "&'정보입력-Rev.2'!N5&" 일 까지" -> 점검기간 : 2026 년 9 월 2 일 부터 2026 년 9 월 2 일 까지
A29: 점검자 : 특급기계설비유지관리자 곽 동 현 (서명) | N29: 점검자는 성능점검자 중 특급 기계설비유지관리자가 최종확인하고 점검자에 서명함. 매뉴얼 36 페이지 참고
A32: 작 성 방 법
A33: 1. 해당 건축물등의 특성과 현장 여건에 적합하도록 점검대상 기계설비 및 성능점검표를 추가·변경할 수 있다.
A34: 2. [ ]에는 점검대상 기계설비에 해당하는 경우 √ 표시를 한다.
A35: 3. 점검결과에는 [ 적합 ○, 조치필요 ×, 해당없음 / ]을 표기한다.
A36: 4. 고장 등으로 장기간 사용되지 않는 기계설비도 포함하되, 점검결과에는 [미사용]을 표기한다.

Sheet 냉동기
A2: 냉동기 성능점검표 | R2: 설비번호
R3: 용 도
A4: 점검자 | C4: ='정보입력-Rev.2'!$C$9 -> 홍길동 | I4: 점검일자 | L4: ='정보입력-Rev.2'!$C$5&"."&'정보입력-Rev.2'!$E$5&"."&'정보입력-Rev.2'!$G$5&" ~ "&'정보입력-Rev.2'!$J$5&"."&'정보입력-Rev.2'!$L$5&"."&'정보입력-Rev.2'!$N$5 -> 2026.9.2 ~ 2026.9.2 | R4: 설치위치(No.)
A6: 구 분 | C6: 점검내용 | V6: 점검결과
A7: 점검 항목 | C7: ① 유지관리 점검표 확인 | V7: ○
C8: ② 기내압력 점검 | V8: ○
C9: ③ 노후 및 부식 상태 | V9: ○
C10: ④ 허용압력[압축기(재생기), 응축기, 증발기] 상태 | V10: ○
C11: ⑤ 펌프(용액, 냉매, 진공) 상태 | V11: ○
C12: ⑥ 연소장치 상태 | V12: ○
C13: ⑦ 경보 상태 | V13: ○
C14: ⑧ 안전장치(인터록) 상태 | V14: ○
C15: ⑨ 과부하 차단 상태 | V15: ○
C16: ⑩ 안전밸브 상태 | V16: ○
C17: ⑪ 저ㆍ고수위 경보 상태 | V17: ○
C18: ⑫ 배기가스온도 | V18: ○
C19: ⑬ 냉동기에 연결된 헤더 상태 | V19: ○
... C21: ⑮ COP 상태 | V21: ○
A22: 조치 사항 | C22: < 미흡사항 >
C25: < 조치필요사항 >
A28: 현장 사진
A38: 비 고
A41: 작 성 방 법
A42: 1. 유지관리지침서 및 기계설비 유지관리 및 성능점검 대상 현황표와의 적합여부를 참고하여 점검결과를 작성한다.
A43: 2. 점검결과에는 [적합 ○, 조치필요 ×, 해당없음 /]을 표기한다.
A44: 3. 현황사진에는 영 별표 7 제3호의 장비를 사용한 측정사진 및 측정데이터를 포함하여 첨부한다.
A45: 4. 전체 수량의 50% 이상 범위 내에서 점검을 실시한다.
A46: 5. 압축식 냉동기, 흡수식 냉동기, 냉온수기, 공랭식 냉동기 등을 포함하여 작성한다.
A49: ① 유지관리 점검표 확인
Z50: [부적합사항 및 조치필요사항 예시]
A51: 구 분 | C51: 점검내용
A52: 점검 기준 | C52: - 해당 기계설비의 유지관리 점검표가 있는가 | Z52: 구비서류미비(준공도서,운용메뉴얼등) | AD52: 미비서류 보완
C53: - 기계설비 유지관리기준 별지 제2호서식에 따라 적정하게 작성되었는가
C54: - 반기별 1회 이상 작성되었는가
A56: 현황 사진 | I56: 적합 | Q56: 미흡사항
A57: 사진 | I57: 사진 | Q57: 사진
I65: 사유 : | K65: 기계설비유지관리 기준에 따라 반기별 1회 적정하게 작성되어 적합함 | Q65: 사유 : | Z65: · 기계설비 유지관리기준 별지 제2호서식에 따라 유지관리 점검표를 반기별 1회이상 작성, 보유하고 있으므로 적합함
A69: ② 기내압력 점검(흡수식 냉동기)
A71: 구 분 | C71: 점검내용
A72: 점검 방법 | C72: - 취급설명서의 진공압력값과 냉동기 판넬 또는 마노미터의 압력값 비교 확인 | Z72: 1.흡수식
A73: 점검 기준 | C73: - 냉동기 제조사의 운용 매뉴얼에 제시된 허용 압력 기준 이내 | Z73: 기내 운전압력 기준이 허용압력 이상일 경우 | AD73: 제조사 보수
A75: 현황 사진 | I75: 적합 | Q75: 미흡사항 | Z75: 증발기,흡수기 | AB75: 6~15 mmHg
A76: 사진 | I76: 사진 | Q76: 사진 | Z76: 응축기,재생기 | AB76: 4~7mmHg
Z77: 취급설명서에 값이 있을경우 취급설명서의 압력값을 기준으로 함
Z79: 2. 흡수식 외 냉동기
Z81: 기준치와 상이한 경우 | AD81: 제조사 보수
Z82: 취급설명서의 압력값을 기준으로 함
I84: 사유 : | K84: 기내 압력 기준이 허용압력 이내이므로 적합함 | Q84: 사유 :
A91: ③ 노후 및 부식상태(흡수식 냉동기)
A93: 구 분 | C93: 점검내용
A94: 점검 방법 | C94: - 노후 및 부식 상태를 확인하기 위하여 수평배관(중간열교환기 바이패스 배관)의 | Z94: 육안점검 시 성능에 문제가될 정도의 노후 및 부식이발생하였을 경우 | AD94: 상태에 따라 부분 보수, 교체 실시
C95: 표면 온도를 측정
A96: 점검 기준 | C96: - 중간 열교환기 바이패스 배관의 표면 온도가 75℃ 이하인가
A98: 현황 사진 | I98: 적합 | Q98: 미흡사항
A99: 사진 | I99: 사진 | Q99: 사진
I107: 사유 : | K107: 바이패스 배관 표면 온도가 75℃ 이하로 적합함 | Q107: 사유 :
A111: ④ 허용압력(압축기(재생기), 응축기, 증발기) 상태(흡수식 냉동기)
A113: 구 분 | C113: 점검내용
A114: 점검 방법 | C114: - 취급설명서의 압력값과 냉동기에 부착된 압력계 a값 비교 확인
A115: 점검 기준 | C115: - 흡수기는 15mmHg 이하(Transmeter) | Z115: 응축기,증발기 압력이 허용압력보다 높거나 낮을 경우 | AD115: 제조사 보수
C116: - 응축기는 4~7mmHg 이하(Transmeter) 또는 4mmHg 이하(마노미터)
C117: - 저온재생기는 -7mmHg 이하(연성계)
C118: ※ 취급설명서에 제시된 압력값이 있는 경우 취급설명서의 압력값을 기준으로 함.
A120: 현황 사진 | I120: 적합 | Q120: 미흡사항
A121: 사진 | I121: 사진 | Q121: 사진
I128: 사유 : | K128: 흡수기, 응축기, 재생기 압력이 허용압력 이내로 적합함 | Q128: 사유 :
A133: ⑤ 펌프(용액, 냉매, 진공) 상태(흡수식 냉동기)
A135: 구 분 | G135: 점검내용
A136: 점검 기준 | C136: 용액, 냉매 펌프 | G136: - 용액 펌프와 냉매 펌프는 탈부착이 용이한 앵글밸브 적용 여부 확인 | Z136: 용액펌프와 냉매펌프는 탈부착이 용이하도록 앵글밸브가 설치되지 않은 경우 | AD136: 앵글밸브 설치
A139: 현황 사진 | I139: 적합 | Q139: 미흡사항
A140: 사진 | I140: 사진 | Q140: 사진
I148: 사유 : | K148: 펌프 탈부착이 용이하게 앵글밸브가 설치되어 적합함 | Q148: 사유 :
A152: 구 분 | G152: 점검내용
A153: 점검 기준 | C153: 진공펌프 | G153: - 진공펌프의 추기장치압력이 1mmHg 이하(또는 제조사 기준압력 이하) | Z153: 진공펌프의 추기장치 압력이 1mmHg 이상일경우 | AD153: 제조사 보수
Z155: 또는 제조사 압력기준 이상
A156: 현황 사진 | I156: 적합 | Q156: 미흡사항
A157: 사진 | I157: 사진 | Q157: 사진
I165: 사유 : | K165: 진공펌프 추기장치 압력이 제조사 기준압력 이하로 적합함 | Q165: 사유 :
A177: ⑥ 연소장치 상태 (직화식 냉온수기)
A179: 구 분 | C179: 점검내용
A180: 점검 방법 | C180: - 가스의 공급압력은 정상인가
C181: - 버너의 착화 및 연소, 소화 등의 작동상태는 양호한가
C182: - 송풍기 가동 시 소음이나 진동은 발생하지 않는가
C183: - 연도와 연결된 부분의 댐퍼 개폐 상태는 양호한가
C184: - 배기가스 기준은 관련 법령 기준에 만족하는가
A185: 점검 기준 | C185: - 측정항목 : O2, CO2, CO, NO2
C187: 가. O2, CO2, CO 배출기준 | Z187: 버너의 착화, 연소, 소화등의 상태가 양호하지 않을 경우 | AD187: 제조사 보수
C188: 「산업통상자원부 고시 제2021-133호」 제25장 계속사용검사중 운전성능 검사기준
C189: 25.2.2 유류 보일러로써 증기보일러 이외의 보일러 | Z189: 배기가스 농도가 기준치 이 상일 경우
C190: 유류 보일러로써 증기보일러 이외의 보일러는 배기가스 중의 CO2 용적이 중유의 경우 | AD190: 제조사 보수
C191: 11.3% 이상, 경유 및 보일러 등유의 경우 9.5% 이상이어야 함.
C192: 25.2.3 가스용 보일러
C193: 가스용 보일러의 배기가스 중 일산화탄소(CO)의 이산화탄소(CO2)에 대한 비는 0.002
C194: 이하이고, 그 성분은 <표 23.1>에 적합하여야 함.
C195: <표 23.1> 배기가스 성분
D196: 성분 | H196: O2(%) | P196: CO2(%)
D197: 부하율 | H197: 90 ± 10 | L197: 45 ± 10 | P197: 90 ± 10 | T197: 45 ± 10
D198: 중유 | H198: 3.7 이하 | L198: 5 이하 | P198: 12.7 이상 | T198: 12 이상
D199: 경유 | H199: 4 이하 | L199: 5 이하 | P199: 11 이상 | T199: 10 이상
D200: 가스 | H200: 3.7 이하 | L200: 4 이하 | P200: 10 이상 | T200: 9 이상
...

Sheet 냉각탑
A2: 냉각탑 성능점검표 | R2: 설비번호
R3: 용 도
A4: 점검자 | C4: ='정보입력-Rev.2'!$C$9 -> 홍길동 | I4: 점검일자 | L4: ='정보입력-Rev.2'!$C$5&"."&'정보입력-Rev.2'!$E$5&"."&'정보입력-Rev.2'!$G$5&" ~ "&'정보입력-Rev.2'!$J$5&"."&'정보입력-Rev.2'!$L$5&"."&'정보입력-Rev.2'!$N$5 -> 2026.9.2 ~ 2026.9.2 | R4: 설치위치(No.)
A6: 구 분 | C6: 점검내용 | V6: 점검결과
A7: 점검 항목 | C7: ① 유지관리 점검표 확인 | V7: ○
C8: ② 냉각탑 수조 및 볼탭 상태 | V8: ○
C9: ③ 노후 및 부식 상태 | V9: ○
C10: ④ 살수장치 상태 | V10: ○
C11: ⑤ 송풍기 날개 상태 | V11: ○
C12: ⑥ 레지오넬라균(수질검사, 공중위생관리법 관련) | V12: ○
C13: ⑦ 냉각수 유량 상태 | V13: ○
C14: ⑧ 송풍기 회전 상태 | V14: ○
C15: ⑨ 충진물 상태 | V15: ○
C16: ⑩ 부하전류 상태 | V16: ○
A17: 조치 사항 | C17: < 미흡사항 >
C20: < 조치필요사항 >
A23: 현장 사진
A34: 비 고
A37: 작 성 방 법
A38: 1. 유지관리지침서 및 기계설비 유지관리 및 성능점검 대상 현황표와의 적합여부를 참고하여 점검결과를 작성한다.
A39: 2. 점검결과에는 [적합 ○, 조치필요 ×, 해당없음 /]을 표기한다.
A40: 3. 현황사진에는 영 별표 7 제3호의 장비를 사용한 측정사진 및 측정데이터를 포함하여 첨부한다.
A41: 4. 전체 수량의 50% 이상 범위 내에서 점검을 실시한다.
A42: 5. 향류형 냉각탑, 직교류형 냉각탑 등을 포함하여 작성한다.
A45: ① 유지관리 점검표 확인
A47: 구 분 | C47: 점검내용 | Z47: · 구비서류 미비(준공도서, 운용 매뉴얼 등) | AE47: · 미비 서류 보완
A48: 점검 기준 | C48: - 해당 기계설비의 유지관리 점검표가 있는가
C49: - 기계설비 유지관리기준 별지 제2호서식에 따라 작성되었는가
C50: - 반기별 1회 이상 작성되었는가
A52: 현황 사진 | I52: 적합 | Q52: 미흡사항
A53: 유지관리 점검표 사진 | I53: 사진 | Q53: 사진
I61: 사유 : | K61: 기계설비유지관리 기준에 따라 반기별 1회 적정하게 작성되어 적합함 | Q61: 사유 : | Z61: · 기계설비 유지관리기준 별지 제2호서식에 따라 유지관리 점검표를 반기별 1회이상 작성, 보유하고 있으므로 적합함
A65: ② 냉각탑 수조 및 볼탭 상태
A67: 구 분 | C67: 점검내용
A68: 점검 방법 | C68: - 냉각탑 점검구를 개방하여 수조 내부 육안점검
A69: 점검 기준 | C69: 냉각탑 수조 | G69: - 누수 부위는 없는가 | Z69: · 누수, 부식 또는 경화 부위 발생 | AE69: · 수조 보수
G70: - 누수 또는 경화된 부위는 없는가
G71: - 수조 내부는 청결한가(또는 주기적으로 청소하고 있는가) | Z71: · 수조 내 청소 상태 불량 | AE71: · 수조 내부 청소
C72: 냉각탑 볼탭 | G72: - 볼탭 밸브는 정상적으로 개폐되는가
G73: - 보급수 연결 부위에 누수는 없는가
G74: - 볼탭의 외관 상태는 양호한가(파손, 찌그러짐 등) | Z74: · 볼탭 파손, 불량 | AE74: · 볼탭 교체
A76: 현황 사진 | I76: 적합 | Q76: 미흡사항 | Z76: · 보급수 연결부위 누수 | AE76: · 해당 배관 라인 보수
A77: 사진 | I77: 사진 | Q77: 사진
I85: 사유 : | K85: 연결부위 누수가 없으며 밸브가 정상 개폐되고 외관이 양호하므로 적합함 | Q85: 사유 :
A92: ③ 노후 및 부식상태
A94: 구 분 | C94: 점검내용
A95: 점검 방법 | C95: - 장비 사용 연수, 외관 및 설치 상태에 대한 육안점검
A96: 점검 기준 | C96: - 장비의 사용 연수는 얼마인가 | Z96: · 육안점검 시 성능에 문제가 있을 정도의 노후 및 부식이 있을 경우 | AE96: · 제조사 보수
C97: - 방진상태, 부식 등이 확인되는가
C98: - 케이싱, 사다리, 점검구의 오염 및 부식은 없는가
C99: - 주위배관 및 부속류의 손상, 변형, 부식은 없는가
A101: 현황 사진 | I101: 적합 | Q101: 미흡사항
A102: 사진 | I102: 사진 | Q102: 사진
I110: 사유 : | K110: 노후 및 부식상태가 성능에 문제가 없어 적합함 | Q110: 사유 :
A114: ④ 살수장치 상태
A116: 구 분 | C116: 점검내용
A117: 점검 방법 | C117: - 냉각탑 상부로 이동하여 노즐 및 분배판 점검
A118: 점검 기준 | C118: - 살수 시 막힌 부분은 없는가 | Z118: · 살수장치 일부 막힘 또는 파손 | AE118: · 살수장치 부속(노즐) 교체
C119: - 살수장치 연결 부위에서 누수는 없는가
C120: - 살수장치(노즐) 중 파손된 부품은 없는가
Z121: · 살수장치 연결부 누수 | AE121: · 살수장치 연결부 보수
A122: 현황 사진 | I122: 적합 | Q122: 미흡사항
A123: 사진 | I123: 사진 | Q123: 사진
I131: 사유 : | K131: 연결부 누수 또는 막힘, 파손 등이 없어 적합함 | Q131: 사유 :
A138: ⑤ 송풍기 날개 상태
A140: 구 분 | C140: 점검내용
A141: 점검 방법 | C141: - 송풍기 회전 및 정지 시 날개 점검
A142: 점검 기준 | C142: - 회전 시 이상 소음이나 진동은 없는가 | Z142: · 이상 소음, 진동 발생 | AE142: · 가동 중지 및 제조사 보수
C143: - 파손되거나 손상된 부분은 없는가 | Z143: · 날개 손상
A145: 현황 사진 | I145: 적합 | Q145: 미흡사항
A146: 사진 | I146: 사진 | Q146: 사진
I154: 사유 : | K154: 파손 또는 손상 및 소음 진동이 없어 적합함 | Q154: 사유 :
A185: ⑥ 레지오넬라균(수질검사, 공중위생관리법 관련)
A187: 구 분 | C187: 점검내용
A188: 점검 방법 | C188: - 관리주체의 시험성적서 보유 여부 확인 (연 1회 주기)
A189: 점검 기준 | C189: - 기준치 이내, 냉각탑별로 시험성적서 보유
C190: - 레지오넬라균의 균수(CFU/L)에 따른 대책
Z191: · 레지오넬라균 성적서 미비 | AE191: · 하절기(4~9월) 검사 요청
D192: 구분 | G192: 검체 채취 항목 | L192: 대책
D193: 냉각탑수 | G193: 1x103 미만 검출 | L193: 적절한 관리 여부 확인 | Z193: ※ 해당사항 없는 경우
L194: - 시설 관리 책임자에게 알리고 관리방법 점검 요청 | AA194: 감염병의 예방 및 관리에 관한 법률 시행령 제24조에 해당하지 않으므로 해당사항 없음
G195: 1x103~1x104 | L195: 재검사하여 균수 재확인
L196: - 균수가 같은 범위이거나 상승할 경우 청소 및
L197: 소독 등의 대책 강구 후 재검사
G198: 1x104 | L198: 청소·소독 조치 후 재검사 실시
L199: - 관리방법 점검 및 개선
W200: ※출처 : 레지오넬라증 관리지침(질병관리청)
W201: * CFU/L : Colony Forming Unit
A203: 현황 사진 | I203: 적합 | Q203: 미흡사항
A204: 사진 | I204: 사진 | Q204: 사진 | AA204: 감염병의 예방 및 관리에 관한 법률 시행령 제24조에 미해당으로 해당사항 없음
I212: 사유 : | K212: 기준치 이내 시험성적서 보유 적합함 | Q212: 사유 : | S212: 레지오넬라균 성적서 미비
A231: ⑦ 냉각수 유량 상태
A233: 구 분 | C233: 점검내용
A234: 점검 방법 | C234: - 냉각탑 현황표상의 유량대로 운전되는지 확인
A235: 점검 기준 | C235: - 냉각탑 설계 유량과 측정값 비교(설계값의 90% 이상)
Z236: · 설계유량 초과/미달 | AE236: · 펌프 회전수 조정(인버터)
A237: 현황 사진 | I237: 적합 | Q237: 미흡사항
A238: 사진 | I238: 사진 | Q238: 사진
I246: 사유 : | K246: 설계유량의 90% 이상으로 적합함 | Q246: 사유 :
A250: ⑧ 송풍기 회전 상태
...

Sheet 축열조
A2: 축열조 성능점검표 | R2: 설비번호
R3: 용 도
A4: 점검자 | C4: ='정보입력-Rev.2'!$C$9 -> 홍길동 | I4: 점검일자 | L4: ='정보입력-Rev.2'!$C$5&"."&'정보입력-Rev.2'!$E$5&"."&'정보입력-Rev.2'!$G$5&" ~ "&'정보입력-Rev.2'!$J$5&"."&'정보입력-Rev.2'!$L$5&"."&'정보입력-Rev.2'!$N$5 -> 2026.9.2 ~ 2026.9.2 | R4: 설치위치(No.)
A6: 구 분 | C6: 점검내용 | V6: 점검결과
A7: 점검 항목 | C7: ① 유지관리 점검표 확인 | V7: ○
C8: ② 축열조 벽면의 균열 상태 | V8: ○
C9: ③ 축열·방열 상태의 데이터 점검 | V9: ○
C10: ④ 분배기 판 노즐 상태 | V10: ○
C11: ⑤ 브라인 농도 상태 | V11: ○
C12: ⑥ 서포트 고정 상태 | V12: ○
C13: ⑦ 에너지 사용 분석 | V13: ○
A14: 조치 사항 | C14: < 미흡사항 >
C17: < 조치필요사항 >
A20: 현장 사진
A33: 비 고
A36: 작 성 방 법
A37: 1. 유지관리지침서 및 기계설비 유지관리 및 성능점검 대상 현황표와의 적합여부를 참고하여 점검결과를 작성한다.
A38: 2. 점검결과에는 [적합 ○, 조치필요 ×, 해당없음 /]을 표기한다.
A39: 3. 현황사진에는 영 별표 7 제3호의 장비를 사용한 측정사진 및 측정데이터를 포함하여 첨부한다.
A40: 4. 빙축열시스템, 수축열시스템 등을 포함하여 작성한다.
A43: ① 유지관리 점검표 확인
A45: 구 분 | C45: 점검내용
A46: 점검 기준 | C46: - 해당 기계설비의 유지관리 점검표가 있는가 | Z46: · 구비서류 미비(준공도서, 운용 매뉴얼 등) | AD46: · 미비 서류 보완
C47: - 기계설비 유지관리기준 별지 제2호서식에 따라 작성되었는가
C48: - 반기별 1회 이상 작성되었는가
A50: 현황 사진 | I50: 적합 | Q50: 미흡사항
A51: 유지관리 점검표 사진 | I51: 사진 | Q51: 사진
Z57: · 기계설비 유지관리기준 별지 제2호서식에 따라 유지관리 점검표를 반기별 1회이상 작성, 보유하고 있으므로 적합함
I59: 사유 : | K59: 기계설비유지관리 기준에 따라 반기별 1회 적정하게 작성되어 적합함 | Q59: 사유 :
A63: ② 축열조 벽면의 균열 상태
A65: 구 분 | C65: 점검내용
A66: 점검 방법 | C66: - 축열조의 균열 유무를 육안으로 확인
A67: 점검 기준 | C67: - 축열조의 벽면에 균열이 있는가
Z68: · 균열이 있는 경우 | AD68: · 제조사 보수
A69: 현황 사진 | I69: 적합 | Q69: 미흡사항
A70: 사진 | I70: 사진 | Q70: 사진
I78: 사유 : | K78: 균열이 없으므로 적합함 | Q78: 사유 :
A89: ③ 축열·방열 상태 및 데이터 점검
A91: 구 분 | C91: 점검내용
A92: 점검 방법 | C92: - 축열상태는 축열운전 시 브라인 순환유량과 축열조 입출구 브라인 온도를 확인하여 설계값과 | Z92: · 축열, 방열 브라인 유량과 브라인 입출구 온도가 설계 값의 ±10%를 초과하는 경우 | AD92: · 원인 파악, 상태에 따라 제조사 보수
C93: 비교
C94: - 방열상태는 방열 운전 시 브라인 순환유량과 축열조 입출구 브라인 온도를 확인하여 설계값과
C95: 비교
C96: - 운전 데이터를 확보하여 측정값과 비교검토
A97: 점검 기준 | C97: - 정격운전 기준 축열운전 및 방열운전 시 브라인 순환유량은 설계유량의 ±10% 이내인가
C98: - 브라인 입출구 온도는 설계온도의 ±10% 이내인가
A100: 현황 사진 | I100: 적합 | Q100: 미흡사항
A101: 사진 | I101: 사진 | Q101: 사진
I109: 사유 : | K109: 브라인 순환유량과 입출구 온도가 설계값의 ±10% 이내이므로 적합함 | Q109: 사유 :
A113: ④ 분배기 판 노즐 상태
A115: 구 분 | C115: 점검내용
A116: 점검 방법 | C116: - 축열조 점검구를 통해 확인
A117: 점검 기준 | C117: - 막혀있거나 파손된 부분은 없는가
A119: 현황 사진 | I119: 적합 | Q119: 미흡사항
A120: 사진 | I120: 사진 | Q120: 사진
I127: 사유 : | K127: 막히거나 파손된 부분이 없으므로 적합함 | Q127: 사유 :
A133: ⑤ 브라인 농도 상태
A135: 구 분 | C135: 점검내용
A136: 점검 방법 | C136: - 농도측정계로 브라인 농도 확인
A137: 점검 기준 | C137: - 20~25%(제조사의 브라인 농도기준이 있는 경우 우선적으로 준용) 이상일 경우
A139: 현황 사진 | I139: 적합 | Q139: 미흡사항
A140: 사진 | I140: 사진 | Q140: 사진
I148: 사유 : | K148: 제조사 농도 기준 이상이므로 적합함 | Q148: 사유 :
A152: ⑥ 서포트 고정 상태
A154: 구 분 | C154: 점검내용
A155: 점검 기준 | C155: - 변형 및 흔들림 여부 확인
Z156: · 변형이 되거나 흔들림 있어 견고하게 고정되어 있지 않을 경우 | AD156: · 상태에 따라 부분 보수 및 전체 보수
A157: 현황 사진 | I157: 적합 | Q157: 미흡사항
A158: 사진 | I158: 사진 | Q158: 사진
I166: 사유 : | K166: 견고하게 고정되어 있어 적합함 | Q166: 사유 :
A178: ⑦ 에너지 사용 분석
A180: 구 분 | C180: 점검내용 | Z180: · 정격 운전 기준 축열용 열 원 장비의 에너지 사용량이 이전 년도에 비해 현저하게 증가한 경우 | AD180: · 증가원인 분석
A181: 점검 방법 | C181: - 에너지원이 가스일 경우에는 축열용 열원장비 가스계량기의 시간당 사용량을 확인
C182: * 사용량은 압력/온도에 의한 보정된 값(요금부과 사용량)을 확인하여야 함
C183: - 에너지원이 전기인 경우에는 교류전력측정계로 전압, 전류를 측정하여 전력을 산출
C184: * 최근 3년간의 사용량을 비교하여, 에너지 사용량의 증감 확인
A185: 점검 기준 | C185: - 최근 년도의 에너지 사용량이 이전 년도에 비해 현저하게 증가하지 않을 것
A187: 현황 사진 | I187: 적합 | Q187: 미흡사항
A188: 사진 | I188: 사진 | Q188: 사진
I196: 사유 : | K196: 에너지 사용량이 현저하게 증가하지 않아 적합함 | Q196: 사유 : | S196: 장비별 개별 에너지 사용량자료가 없어 분석이 불가함
A225: <측정 값 비교>
B227: 구분 | H227: 설계 | L227: 측정 | P227: % | T227: 비고
B228: 설치년도
B229: 브라인 | D229: 입구온도(℃)
D230: 출구온도(℃)
D231: 유량(LPM)

Sheet 보일러
A2: 보일러 성능점검표 | R2: 설비번호
R3: 용 도
A4: 점검자 | C4: ='정보입력-Rev.2'!$C$9 -> 홍길동 | I4: 점검일자 | L4: ='정보입력-Rev.2'!$C$5&"."&'정보입력-Rev.2'!$E$5&"."&'정보입력-Rev.2'!$G$5&" ~ "&'정보입력-Rev.2'!$J$5&"."&'정보입력-Rev.2'!$L$5&"."&'정보입력-Rev.2'!$N$5 -> 2026.9.2 ~ 2026.9.2 | R4: 설치위치(No.)
A6: 구 분 | C6: 점검내용 | V6: 점검결과
A7: 점검 항목 | C7: ① 유지관리 점검표 확인 | V7: ○
C8: ② 노후 및 부식 상태 | V8: ○
C9: ③ 버너 연소 상태 | V9: ○
C10: ④ 수위제어 및 급수 공급 상태 | V10: ○
C11: ⑤ 화염 검출기 상태 | V11: ○
C12: ⑥ 운전 압력 상태 | V12: ○
C13: ⑦ 안전밸브 및 압력스위치 상태 | V13: ○
C14: ⑧ 배기가스 성분 측정 | V14: ○
C15: ⑨ 에너지 사용량 분석 | V15: ○
C16: ⑩ 보일러에 연결된 헤더 상태 | V16: ○
C17: ⑪ 감압밸브 작동 상태(소음, 진동) | V17: ○
A18: 조치 사항 | C18: < 미흡사항 >
C21: < 조치필요사항 >
A24: 현장 사진
A35: 비 고
A38: 작 성 방 법
A39: 1. 유지관리지침서 및 기계설비 유지관리 및 성능점검 대상 현황표와의 적합여부를 참고하여 점검결과를 작성한다.
A40: 2. 점검결과에는 [적합 ○, 조치필요 ×, 해당없음 /]을 표기한다.
A41: 3. 현황사진에는 영 별표 7 제3호의 장비를 사용한 측정사진 및 측정데이터를 포함하여 첨부한다.
A42: 4. 전체 수량의 50% 이상 범위 내에서 점검을 실시한다.
A45: ① 유지관리 점검표 확인
A47: 구 분 | C47: 점검내용
A48: 점검 기준 | C48: - 해당 기계설비의 유지관리 점검표가 있는가 | Z48: · 구비서류 미비(준공도서, 운용 매뉴얼 등) | AE48: · 미비 서류 보완
C49: - 기계설비 유지관리기준 별지 제2호서식에 따라 작성되었는가
C50: - 반기별 1회 이상 작성되었는가
A52: 현황 사진 | I52: 적합 | Q52: 미흡사항
A53: 유지관리 점검표 사진 | I53: 사진 | Q53: 사진
Z59: · 기계설비 유지관리기준 별지 제2호서식에 따라 유지관리 점검표를 반기별 1회이상 작성, 보유하고 있으므로 적합함
I61: 사유 : | K61: 기계설비유지관리 기준에 따라 반기별 1회 적정하게 작성되어 적합함 | Q61: 사유 :
A65: ② 노후 및 부식 상태
A67: 구 분 | C67: 점검내용
A68: 점검 방법 | C68: - 장비의 외관 노후 및 부식 상태를 육안으로 점검
C69: - 보일러 계속사용검사를 실시한 경우에는 대체 가능
A70: 점검 기준 | C70: - 케이싱 변형 및 파손은 없는가 | Z70: · 검사대상기기의 경우 보일 러 계속사용검사증이 없는 경우 | AE70: · 상태에 따라 부분 보수, 전체 보수, 교체
C71: - 보온 마감 상태는 양호한가
C72: - 보일러 계속사용검사증을 보유하고 있는가
Z73: · 육안점검 시 성능에 문제가 될 정도의 노후 및 부식이 발생했을 경우
A74: 현황 사진 | I74: 적합 | Q74: 미흡사항
A75: 사진 | I75: 사진 | Q75: 사진
I83: 사유 : | K83: 보온상태가 양호하고 케이싱 파손이 없으므로 양호함 | Q83: 사유 :
A93: ③ 버너 연소 상태
A95: 구 분 | C95: 점검내용 | Z95: · 검사대상기기의 경우 보일 러 계속사용검사증이 없는 경우 | AE95: · 연소상태가 원활할 수 있도 록 공기비 조정
A96: 점검 방법 | C96: - 연소불꽃으로 연소 상태를 확인
C97: - 보일러 계속사용검사를 실시한 경우에는 대체 가능
A98: 점검 기준 | C98: - 연소상태는 적정한가 | Z98: · 연소상태가 원활하지 않을 경우
C99: - 보일러 계속사용검사증을 보유하고 있는가
A101: 현황 사진 | I101: 적합 | Q101: 미흡사항
A102: 사진 | I102: 사진 | Q102: 사진
I109: 사유 : | K109: 연소상태가 원활하므로 적합함 | Q109: 사유 :
A113: ④ 수위제어 및 급수 공급 상태
A115: 구 분 | C115: 점검내용 | Z115: · 검사대상기기의 경우 보일 러 계속사용검사증이 없는 경우 | AE115: · 제조사 보수
A116: 점검 방법 | C116: - 보일러 운전 중 급수 시작 및 정지가 정상적으로 진행되는지 확인
C117: - 가동 중 드레인 밸브를 열어 관수를 토출
C118: - 수량계를 이용하여 급수 공급 상태(토출량)을 확인 | Z118: · 검사대상기기가 아닌 경우 보일러운전 상태에서 수면 계 최하단부(안전수위) 이하 일 때 경보가 발생되지 않을 경우
C119: - 보일러 계속사용검사를 실시한 경우에는 대체 가능 | AE119: · 제조사 보수
A120: 점검 기준 | C120: - 급수 펌프의 동작상태에 따라 수위제어가 정상적으로 작동하는가
C121: - 수면계하부로 수위가 내려갔을 때 관수 이상 등의 알람이 작동하는가
C122: - 알람 작동 후 자동 연료차단장치가 작동하는가
C123: - 보일러 정격의 1.25배 이상 급수가 공급되는가
C124: - 보일러 계속사용검사증을 보유하고 있는가
A126: 현황 사진 | I126: 적합 | Q126: 미흡사항
A127: 사진 | I127: 사진 | Q127: 사진
I134: 사유 : | K134: 수위제어가 정상 작동되고 수위 이상시 알람이 작동하며 연료차단 장치가 작동되므로 적합함 | Q134: 사유 :
A140: ⑤ 화염 검출기 상태
A142: 구 분 | C142: 점검내용
A143: 점검 방법 | C143: - 보일러 운전 중 화염검출기를 버너에서 제거하여 화염을 차단하였을 때 경보발생 여부 | Z143: · 검사대상기기의 경우 보일 러 계속사용검사증이 없는 경우 | AE143: · 제조사 보수
C144: 확인
C145: - 보일러 계속사용검사를 실시한 경우에는 대체 가능
A146: 점검 기준 | C146: - 화염검출기 제거 시 경보발생 여부 | Z146: · 검사대상기기가 아닌 경우 보일러 운전 상태에서 화염 검출기를 제거했을 때 연소 이상이 발생하며, 경보가 발생 되지 않을 경우 | AE146: · 제조사 보수
C147: - 보일러 계속사용검사증을 보유하고 있는가
A149: 현황 사진 | I149: 적합 | Q149: 미흡사항
A150: 사진 | I150: 사진 | Q150: 사진
I158: 사유 : | K158: 화염검출기 제거시 경보가 발생하므로 적합함 | Q158: 사유 :
A162: ⑥ 운전 압력 상태
A164: 구 분 | C164: 점검내용
A165: 점검 방법 | C165: - 디지털 압력계를 공기 취입밸브 등에 설치하여 압력 확인
A166: 점검 기준 | C166: - 보일러의 압력계와 측정값의 오차가 허용 범위 내에 있는가 | AA166: · 디지털압력계와 ±10% 이상 발생할 경우 | AE166: · 압력계 교체
C167: - 보일러의 운전압력은 설정압력 이내에 있는가
A169: 현황 사진 | I169: 적합 | Q169: 미흡사항
A170: 사진 | I170: 사진 | Q170: 사진
I178: 사유 : | K178: 운전압력이 설정압력 이내 있으므로 적합함 | Q178: 사유 :
A186: ⑦ 안전밸브 및 압력스위치 상태
A188: 구 분 | C188: 점검내용 | Z188: · 검사대상기기의 경우 보일 러 계속사용검사증이 없는 경우 | AE188: · 제조사 보수
A189: 점검 방법 | C189: - 안전밸브의 설정압력을 확인
C190: - 압력스위치 설정값에서 보일러가 기동/정지되는지 확인
C191: - 보일러 계속사용검사를 실시한 경우에는 대체 가능 | Z191: · 검사 대상 기기가 아닌 경 우 최고사용압력에서 안전 밸브가 동작하지 않을 경우 | AE191: · 제조사 보수
A192: 점검 기준 | C192: - 보일러 안전밸브의 설정압력이 보일러 최고사용압력 이내일 경우
C193: - 압력스위치 설정값에서 보일러가 기동 및 정지될 경우
C194: - 보일러 계속사용검사증을 보유하고 있는가
A196: 현황 사진 | I196: 적합 | Q196: 미흡사항
A197: 안전변 사진 | I197: 사진 | Q197: 사진
A204: 본체 사진
I208: 사유 : | K208: 압력스위치 설정 값에서 보일러가 기동, 정지되며 안전밸브 설정값이 보일러 최고 사용압력 이내에 설정되어 있으므로 적합함 | Q208: 사유 :
A234: ⑧ 배기가스 성분 측정
A236: 구 분 | C236: 점검내용
A237: 점검 방법 | C237: - 보일러 최종 출구에서 측정하는 것을 원칙으로 하나, 현장 상황을 고려하여 절탄기 전에
...

Sheet 열교환기
A2: 열교환기 성능점검표 | R2: 설비번호
R3: 용 도
A4: 점검자 | C4: ='정보입력-Rev.2'!$C$9 -> 홍길동 | I4: 점검일자 | L4: ='정보입력-Rev.2'!$C$5&"."&'정보입력-Rev.2'!$E$5&"."&'정보입력-Rev.2'!$G$5&" ~ "&'정보입력-Rev.2'!$J$5&"."&'정보입력-Rev.2'!$L$5&"."&'정보입력-Rev.2'!$N$5 -> 2026.9.2 ~ 2026.9.2 | R4: 설치위치(No.)
A6: 구 분 | C6: 점검내용 | V6: 점검결과
A7: 점검 항목 | C7: ① 유지관리 점검표 확인 | V7: ○
C8: ② 노후 및 부식 상태 | V8: ○
C9: ③ 열교환기 튜브상태(개방검사 이력확인 등) | V9: ○
C10: ④ 응축수 배출 온도 상태(증기 열교환기에 한함) | V10: ○
C11: ⑤ 안전밸브 상태(증기 열교환기에 한함) | V11: ○
C12: ⑥ 증기트랩 상태(증기 열교환기에 한함) | V12: ○
A13: 조치 사항 | C13: < 미흡사항 >
C16: < 조치필요사항 >
A19: 현장 사진
A34: 비 고
A37: 작 성 방 법
A38: 1. 유지관리지침서 및 기계설비 유지관리 및 성능점검 대상 현황표와의 적합여부를 참고하여 점검결과를 작성한다.
A39: 2. 점검결과에는 [적합 ○, 조치필요 ×, 해당없음 /]을 표기한다.
A40: 3. 현황사진에는 영 별표 7 제3호의 장비를 사용한 측정사진 및 측정데이터를 포함하여 첨부한다.
A41: 4. 전체 수량의 50% 이상 범위 내에서 점검을 실시한다.
A44: ① 유지관리 점검표 확인
A46: 구 분 | C46: 점검내용 | Y46: · 구비서류 미비(준공도서, 운용 매뉴얼 등) | AC46: · 미비 서류 보완
A47: 점검 기준 | C47: - 해당 기계설비의 유지관리 점검표가 있는가
C48: - 기계설비 유지관리기준 별지 제2호서식에 따라 작성되었는가
C49: - 반기별 1회 이상 작성되었는가
A51: 현황 사진 | I51: 적합 | Q51: 미흡사항
A52: 유지관리 점검표 사진 | I52: 사진 | Q52: 사진
Z58: · 기계설비 유지관리기준 별지 제2호서식에 따라 유지관리 점검표를 반기별 1회이상 작성, 보유하고 있으므로 적합함
I60: 사유 : | K60: 기계설비유지관리 기준에 따라 반기별 1회 적정하게 작성되어 적합함 | Q60: 사유 :
A64: ② 노후 및 부식 상태
A66: 구 분 | C66: 점검내용
A67: 점검 방법 | C67: - 장비의 외관 상태를 육안으로 점검
A68: 점검 기준 | C68: - 장비 본체의 케이싱 변형 및 파손은 없는가
C69: - 장비 본체의 보온 마감 상태는 양호한가
C70: - 부속 밸브류의 접속 부위 및 외관 상태는 양호한가
C71: - 온도계, 압력계의 연결 부위 상태는 양호한가
A73: 현황 사진 | I73: 적합 | Q73: 미흡사항
A74: 사진 | I74: 사진 | Q74: 사진
I82: 사유 : | K82: 보온마감 양호하고 케이싱 파손이 없으며, 접속 및 연결부위 양호하므로 적합함 | Q82: 사유 :
A91: ③ 열교환기 튜브상태(개방검사 이력확인 등)
A93: 구 분 | D93: 점검내용 | Y93: · 정격 운전 기준 이전 성능 점검 열교환 효율 대비 금년 성능점검 열교환 효율이 90% 미만인 경우 | AC93: · 열교환기 세관
A94: 점검 방법 | D94: - 다음의 3가지 방법 중 1가지를 선택하여 적용
A95: 1 | B95: 점검 방법 | D95: - 1차측(중온수)과 2차측(온수)의 입출구 온도 및 유량을 측정하여 열교환 효율을 계산
D96: ※ 상세 산출방법은 비고 참조
B97: 점검 기준 | D97: - 정격 운전(정격 부하) 기준, 이전 성능점검 열교환 효율 대비 금년 성능점검 열교환 효율이
D98: 90% 이상인가
D99: ※ 최초 점검 시 제조사 기준 대비 확임함
A100: 2 | B100: 점검 방법 | D100: - 열교환기 전후의 압력을 측정하여 압력손실을 산출 | Y100: . 압력차 0.3bar 이상시 | AC100: · 열교환기 세관
B101: 점검 기준 | D101: - 정격 운전 기준, 열교환기의 증가된 압력손실이 설계압력손실의 15% 이내인가
A102: 3 | B102: 점검 방법 | D102: - 열교환기 개방검사 이력(세관작업 확인서) 보유 여부 확인
B103: 점검 기준 | D103: - 점검주기 1년 1회
A106: 현황 사진 | I106: 적합 | Q106: 미흡사항
A107: 사진 | I107: 사진 | Q107: 사진 | AB107: 압력(bar g) | AE107: 온도(℃)
AB108: 입구 | AC108: 출구 | AD108: 차압 | AE108: 입구 | AF108: 출구
AA109: 1차측 | AB109: 10 | AC109: 9.8 | AD109: =AB109-AC109 -> 0.2 | AE109: 120 | AF109: 65
AA110: 2차측 | AB110: 11 | AC110: 10.7 | AD110: =AB110-AC110 -> 0.3 | AE110: 45 | AF110: 60
AA112: 세관작업 확인서 미 보유 시 차압 측정 및 해당 압력계 사진 첨부할 것
I115: 사유 : | K115: 개방검사 이력(세관작업 확인서) 보유하고 있으므로 적합함 | Q115: 사유 : | S115: 개방검사 이력(세관작업 확인서) 미보유
A134: ④ 응축수 배출 온도 상태(증기 열교환기에 한함)
A136: 구 분 | C136: 점검내용
A137: 점검 방법 | C137: - 증기 트랩 표면의 온도를 측정하여 응축수 배출 온도 확인
A138: 점검 기준 | C138: - 90 ~ 100 ℃ 이내
Y139: · 응축수 온도가 너무 낮음 | AC139: · 응축수 회수관 보온상태 확인
A140: 현황 사진 | I140: 적합 | Q140: 미흡사항
A141: 사진 | I141: 사진 | Q141: 사진
I149: 사유 : | K149: 트랩표면온도가 90~ 100℃ 이내로 적합함 | Q149: 사유 :
A153: ⑤ 안전밸브 상태(증기 열교환기에 한함)
A155: 구 분 | C155: 점검내용
A156: 점검 방법 | C156: - 안전밸브 연결부위 누설 여부와 설정압력을 확인
A157: 점검 기준 | C157: - 누설 흔적이 없고 설정압력이 최대사용압력 이하 인가
Y158: · 안전밸브 누설 발생 | AC158: · 안전밸브 보수 또는 교체
A159: 현황 사진 | I159: 적합 | Q159: 미흡사항
A160: 사진 | I160: 사진 | Q160: 사진
I168: 사유 : | K168: 누설 흔적이 없고 설정압력이 최대 사용압력 이하로 적합함 | Q168: 사유 :
A177: ⑥ 증기트랩 상태(증기 열교환기에 한함)
A179: 구 분 | C179: 점검내용
A180: 점검 방법 | C180: - 증기트랩 설치 방향 확인 및 노후화 여부 확인
A181: 점검 기준 | C181: - 누설되거나 노후화 되지 않을 것 | Y181: · 증기트랩 설치 방향 오류 | AC181: · 증기트랩 재설치
C182: - 제품에 표시된 방향대로 설치되어 있을 것
A184: 현황 사진 | I184: 적합 | Q184: 미흡사항
A185: 사진 | I185: 사진 | Q185: 사진
I193: 사유 : | K193: 표시된 방향대로 설치되어 있고 누설 및 노후되지 않아 적합함 | Q193: 사유 :
B224: <열교환기>
B226: 구분 | G226: HEX-1 난방용 | U226: 비고
G227: 1차측(중온수) | M227: 2차측(온수)
G228: 설계 | J228: 측정 | M228: 설계 | P228: 측정 | S228: %
B229: 설치년도 | G229: 2012 | U229: 부하율
B230: 입구온도(℃) | G230: 105 | J230: 100 | M230: 60 | P230: 55 | U230: 0.05
B231: 출구온도(℃) | G231: 75 | J231: 65 | M231: 50 | P231: 45
B232: 유량(LPM) | G232: =ROUND(G233/ABS(G230-G231)/60,0) -> 278 | J232: =ROUND(J233/ABS(J230-J231)/60,0) -> 12 | M232: =ROUND(M233/ABS(M230-M231)/60,0) -> 833 | P232: =ROUND(P233/ABS(P230-P231)/60,0) -> 40
B233: 처리열량(kcal/h) | G233: 500000 | J233: =G233*U230 -> 25000 | M233: =G233 -> 500000 | P233: =J233*0.95 -> 23750 | S233: =P233/M233 -> 0.0475
B235: <열교환기>
B237: 구분 | G237: HEX-1 난방용 | U237: 비고 | Z237: ※ HEX-G101 측정값 항목 자료 없음. 현황표 1차측 온도로
G238: 1차측(증기) | M238: 2차측(온수) | Z238: 증기압력 유추하여 증기유량 산출함. 2차측 설계값은 현황표 값 입력
G239: 설계 | J239: 측정 | M239: 설계 | P239: 측정 | S239: % | Z239: 증기압력 | AA239: 2 | AB239: kg/cm2g | AC239: =절대압력 3 kg/cm2
B240: 설치년도 | G240: 2012 | U240: 부하율 | Z240: 포화온도 | AA240: 132.9 | AB240: ℃ | AC240: 포화증기표값
B241: 입구온도(℃) | G241: 132.9 | J241: 132.9 | M241: 70 | P241: 50 | U241: 0.05 | Z241: 증발열 | AA241: 517 | AB241: kcal/kg | AC241: 포화증기표값
B242: 출구온도(℃) | G242: 132.9 | J242: 132.9 | M242: 80 | P242: 60 | Z242: 열교환기 처리열량 | AA242: =J244 -> 18000 | AB242: kcal/hr | AC242: 설계값
B243: 유량(LPM) | G243: 696 | J243: =AA243 -> 34.816248 | M243: =ROUND(M244/ABS(M241-M242)/60,0) -> 600 | P243: =ROUND(P244/ABS(P241-P242)/60,0) -> 29 | Z243: 증기유량 | AA243: =AA242/AA241 -> 34.816248 | AB243: kg/hr | AC243: 계산값
B244: 처리열량(kcal/h) | G244: 360000 | J244: =G244*U241 -> 18000 | M244: =G244 -> 360000 | P244: =J244*0.95 -> 17100 | S244: =P244/M244 -> 0.0475

Sheet 팽창탱크
A2: 팽창탱크 성능점검표 | R2: 설비번호
R3: 용 도
A4: 점검자 | C4: ='정보입력-Rev.2'!$C$9 -> 홍길동 | I4: 점검일자 | L4: ='정보입력-Rev.2'!$C$5&"."&'정보입력-Rev.2'!$E$5&"."&'정보입력-Rev.2'!$G$5&" ~ "&'정보입력-Rev.2'!$J$5&"."&'정보입력-Rev.2'!$L$5&"."&'정보입력-Rev.2'!$N$5 -> 2026.9.2 ~ 2026.9.2 | R4: 설치위치(No.)
A6: 구 분 | C6: 점검내용 | V6: 점검결과
A7: 점검 항목 | C7: ① 유지관리 점검표 확인 | V7: ○
C8: ② 균열 및 부식 상태 | V8: ○
C9: ③ 블래더 작동 상태 | V9: ○
C10: ④ 팽창탱크 배관 및 안전밸브 상태 | V10: ○
A11: 조치 사항 | C11: < 미흡사항 >
C14: < 조치필요사항 >
A17: 현장 사진
A34: 비 고
A37: 작 성 방 법
A38: 1. 유지관리지침서 및 기계설비 유지관리 및 성능점검 대상 현황표와의 적합여부를 참고하여 점검결과를 작성한다.
A39: 2. 점검결과에는 [적합 ○, 조치필요 ×, 해당없음 /]을 표기한다.
A40: 3. 현황사진에는 영 별표 7 제3호의 장비를 사용한 측정사진 및 측정데이터를 포함하여 첨부한다.
A41: 4. 밀폐식 팽창탱크, 팽창기수분리기, 급탕용 팽창탱크 등을 포함하여 작성한다.
A44: ① 유지관리 점검표 확인
A46: 구 분 | C46: 점검내용
A47: 점검 기준 | C47: - 해당 기계설비의 유지관리 점검표가 있는가 | Y47: · 구비서류 미비(준공도서, 운용 매뉴얼 등) | AC47: · 미비 서류 보완
C48: - 기계설비 유지관리기준 별지 제2호서식에 따라 작성되었는가
C49: - 반기별 1회 이상 작성되었는가
A51: 현황 사진 | I51: 적합 | Q51: 미흡사항
A52: 유지관리 점검표 사진 | I52: 사진 | Q52: 사진
Y58: · 기계설비 유지관리기준 별지 제2호서식에 따라 유지관리 점검표를 반기별 1회이상 작성, 보유하고 있으므로 적합함
I60: 사유 : | K60: 기계설비유지관리 기준에 따라 반기별 1회 적정하게 작성되어 적합함 | Q60: 사유 :
A64: ② 균열 및 부식상태
A66: 구 분 | C66: 점검내용
A67: 점검 방법 | C67: - 팽창탱크의 누수 및 부식상태를 육안으로 확인
A68: 점검 기준 | C68: - 부식이 발생하지 않고 누수가 없는가
Y69: · 탱크 표면 균열 발생 | AC69: · 탱크 균열부위 보수 또는 교체
A70: 현황 사진 | I70: 적합 | Q70: 미흡사항
A71: 사진 | I71: 사진 | Q71: 사진 | Y71: · 탱크 외부 및 배관 연결부 위 부식 발생 | AC71: · 녹 제거 후 도장 또는 배관 교체
I79: 사유 : | K79: 부식이 발생하지 않고 누수가 없으므로 적합함 | Q79: 사유 :
A90: ③ 블래더 작동 상태
A92: 구 분 | C92: 점검내용
A93: 점검 방법 | C93: - 운전 전, 후 팽창탱크 연결 배관 압력 확인
A94: 점검 기준 | C94: - 팽창탱크 연결부 압력과 설정압력(설계압력) 이내로 유지되는지 확인
Y95: · 설정압력(설계압력)대로 유 지하지 못함 | AC95: · 블래더 교체 또는 탱크 봉 입 압력 조정
A96: 현황 사진 | I96: 적합 | Q96: 미흡사항
A97: 사진 | I97: 사진 | Q97: 사진
I105: 사유 : | K105: 설계압력 이내로 유지되고 정상 작동되고 있으므로 적합함 | Q105: 사유 :
A109: ④ 팽창탱크 배관 안전밸브 상태
A111: 구 분 | C111: 점검내용
A112: 점검 방법 | C112: - 안전밸브 연결부 및 방출구 누설 확인
C113: - 보급수배관 연결 적정성(연결 위치, 역류방지)을 확인
C114: - 안전밸브 설치 유무 및 설정압(배관계통 허용압력 이하) 적정 여부를 확인
A115: 점검 기준 | C115: - 누설 부위 없을 것 | Y115: · 안전밸브에서 누수 발생 | AC115: · 안전밸브 교체
C116: - 보급수배관이 연결되어 있고 역류방지장치가 있을 경우
C117: - 안전밸브가 설치되어 있고 설정압력이 계통 허용압력 이내로 되어 있을 경우
A119: 현황 사진 | I119: 적합 | Q119: 미흡사항
A120: 사진 | I120: 사진 | Q120: 사진
I128: 사유 : | K128: 안전밸브가 설치되어 있고 보급수배관에 역류방지 밸브가 설치되고 누설 부위가 없어 적합함 | Q128: 사유 :

Sheet 펌프
A2: 펌프(냉·난방) 성능점검표 | R2: 설비번호
R3: 용 도
A4: 점검자 | C4: ='정보입력-Rev.2'!$C$9 -> 홍길동 | I4: 점검일자 | L4: ='정보입력-Rev.2'!$C$5&"."&'정보입력-Rev.2'!$E$5&"."&'정보입력-Rev.2'!$G$5&" ~ "&'정보입력-Rev.2'!$J$5&"."&'정보입력-Rev.2'!$L$5&"."&'정보입력-Rev.2'!$N$5 -> 2026.9.2 ~ 2026.9.2 | R4: 설치위치(No.)
A6: 구 분 | C6: 점검내용 | V6: 점검결과
A7: 점검 항목 | C7: ① 유지관리 점검표 확인 | V7: ○
C8: ② 샤프트 및 패킹 마모 상태 | V8: ○
C9: ③ 이상 소음 및 진동 상태 | V9: ○
C10: ④ 베어링 및 모터 등 과열 상태 | V10: ○
C11: ⑤ 베이스 앵커볼트 노후 및 풀림 상태 | V11: ○
C12: ⑥ 이상 전류 차단 장치 동작 상태 | V12: ○
C13: ⑦ 유량, 양정 및 동력 적정 상태 | V13: ○
A14: 조치 사항 | C14: < 미흡사항 >
C17: < 조치필요사항 >
A20: 현장 사진
A34: 비 고
A37: 작 성 방 법
A38: 1. 유지관리지침서 및 기계설비 유지관리 및 성능점검 대상 현황표와의 적합여부를 참고하여 점검결과를 작성한다.
A39: 2. 점검결과에는 [적합 ○, 조치필요 ×, 해당없음 /]을 표기한다.
A40: 3. 현황사진에는 영 별표 7 제3호의 장비를 사용한 측정사진 및 측정데이터를 포함하여 첨부한다.
A41: 4. 전체 수량의 20% 이상 범위 내에서 점검을 실시한다.
A42: 5. 순환펌프, 급수펌프, 배수펌프, 오수펌프, 수중펌프 등을 포함하여 작성한다.
A45: ① 유지관리 점검표 확인
A47: 구 분 | C47: 점검내용 | Y47: · 구비서류 미비(준공도서, 운용 매뉴얼 등) | AC47: · 미비 서류 보완
A48: 점검 기준 | C48: - 해당 기계설비의 유지관리 점검표가 있는가
C49: - 기계설비 유지관리기준 별지 제2호서식에 따라 작성되었는가
C50: - 반기별 1회 이상 작성되었는가
A52: 현황 사진 | I52: 적합 | Q52: 미흡사항
A53: 유지관리 점검표 사진 | I53: 사진 | Q53: 사진
Y59: · 기계설비 유지관리기준 별지 제2호서식에 따라 유지관리 점검표를 반기별 1회이상 작성, 보유하고 있으므로 적합함
I60: 사유 : | K60: 기계설비유지관리 기준에 따라 반기별 1회 적정하게 작성되어 적합함 | Q60: 사유 :
A64: ② 샤프트 및 패킹 마모 상태
A66: 구 분 | C66: 점검내용
A67: 점검 방법 | C67: - 펌프 샤프트 부위의 누수와 그랜드패킹 또는 메카니컬씰의 마모 상태 확인
A68: 점검 기준 | C68: 그랜드패킹 | G68: - 패킹 누르개에서 물방울이 조금 떨어질 것 | Y68: 그랜드패킹 | Z68: 누수량이 많을 경우 | AC68: 패킹 누르개의 조임량을 늘림
C69: 메카니컬씰 | G69: - 누수되지 않을 것 | AC69: 그랜드패킹 교체
Y70: 메카니컬씰 | AC70: 메카니컬씰 교체
A71: 현황 사진 | I71: 적합 | Q71: 미흡사항
A72: 사진 | I72: 사진 | Q72: 사진
I80: 사유 : | K80: 누수되지 않아 적합함 | Q80: 사유 :
A92: ③ 이상 소음 및 진동 상태
A94: 구 분 | C94: 점검내용
A95: 점검 방법 | C95: - 펌프 운전 시 이상 소음 및 진동 확인
A96: 점검 기준 | C96: - 상시 운전 소음 수준과 비슷할 것 | Y96: 이상소음 발생 | AC96: 펌프 축 정렬
C97: - 펌프 진동 기준치 이하일 것 | AC97: 커플링,베어링,패킹 보수 또는 교체
D99: <1kW 이상 회전동역학 펌프의 비회전부 진동에 대한 영역 한계, 날개수 Zi≥3인 임펠러에 대해 적용>
Y100: 진동,측정값 기준치 이상 | AC100: 펌프운전범위 조정
D101: 영역 | E101: 설명 (영역 정의에 대한 상세는 KS B ISO 10816-7의 5.2 참조) | L101: 진동 속도 한계 r.m.s. 값 mm/s | AC101: 캐비테이션 발생 방지
L102: 범주a I | R102: 범주a II
L103: ≤ 200 kW | O103: ＞ 200 kW | R103: ≤ 200 kW | U103: ＞ 200 kW
D104: A | E104: 선호되는 운전 범위에서 신규 설치된 기계 | L104: 2.5 | O104: 3.5 | R104: 3.2 | U104: 4.2
D105: B | E105: 허용운전 범위에서 제한없는 장기간 운전 | L105: 4 | O105: 5 | R105: 5.1 | U105: 6.1
D106: C | E106: 제한된 운전 | L106: 6.6 | O106: 7.6 | R106: 8.5 | U106: 9.5
D107: D | E107: 손상 위험 | L107: ＞ 6.6 | O107: ＞ 7.6 | R107: ＞ 8.5 | U107: ＞ 9.5
D108: 최대 경보 한계(≈영역 B 상한의 1.25배)b | L108: 5 | O108: 6.3 | R108: 6.4 | U108: 7.6
D109: 최대 비상 정지 한계(≈영역 C 상한의 1.25배)b | L109: 8.3 | O109: 9.5 | R109: 10.6 | U109: 11.9
D110: 현장 승인시험 | G110: 선호되는 운전 범위 | L110: 2.5 | O110: 3.5 | R110: 3.2 | U110: 4.2
G111: 허용운전 범위 | L111: 3.4 | O111: 4.4 | R111: 4.2 | U111: 5.2
D112: 공장 승인시험 | G112: 선호되는 운전 범위 | L112: 3.3 | O112: 4.3 | R112: 4.2 | U112: 5.2
G113: 허용운전 범위 | L113: 4 | O113: 5 | R113: 5.1 | U113: 6.1
D114: 선호되는 운전 범위에서의 모든 승인시험의 경우에 회전 주파수(루)와 날개 통과 주파수(fn·zi)에 대해 필터된 값c 각각은 이들 값이어야 한다. | L114: ≤2 | O114: ≤2 | R114: ≤3 | U114: ≤3
D118: a. 정의에 대해서는 KS B ISO 10816-7의 5.1을 참조한다.
D119: b. 권고값, 잘못된 경보와 비상 정지를 방지하기 위해 진동크기는 경보 또는 비상 정지 발행 전 약 10초 동안
D120: 이들 값을 초과하여야 한다.
D121: c. 허용운전범위 내지만 선호되는 운전범위 밖에서의 승인시험인 경우에 회전 주파수(fn)와 날개 통과 주파수
D122: (fn ·zi)에 대해 필터된 값들은 선호되는 운전범위에 대한 값들보다 더 높을 것(1.3배)을 예상할 수 있다.
W123: ※출처 : KS B ISO 10816-7:2009, 기계적 진동-비회전부의 측정에 의한 기계 진동의 평가
W124: -제7부 : 산업용 회전동역학 펌프, 회전축에 대한 측정 포함
A126: 현황 사진 | I126: 적합 | Q126: 미흡사항
A127: 사진 | I127: 사진 | Q127: 사진
I135: 사유 : | K135: 펌프 운전시 이상소음이 없고 진동 측정값이 기준치 이하로 적합함 | Q135: 사유 :
A141: ④ 베어링 및 모터 등 과열 상태
A143: 구 분 | C143: 점검내용
A144: 점검 방법 | C144: - 베어링 및 모터 허용 온도 이내로 운전되는지 확인
A145: 점검 기준 | C145: 모터 절연등급에 따른 모터 표면 온도 측정
H146: 절연 등급 | P146: 비고 | Y146: 베어링온도 | Z146: 기준치보다 높음 | AC146: · 그리스가 부족/과다 할경우 해당
H147: 기존표기 | L147: 내열등급 | AC147: 그리스 보급/추출
H148: Y | L148: 90 | AC148: · 권장그리스를 사용 하지 않았을 경우 보충된 그리스 전량 교체
H149: A | L149: 105
H150: E | L150: 120 | AC150: · 베어링이 손상 되었을 경우 베어링 교체
H151: B | L151: 130 | AC151: · 체절운전시 즉시 교체
H152: F | L152: 155
H153: H | L153: 180 | Y153: 모터온도 | Z153: 허용최고온도보다 높음 | AC153: · 모터 냉각팬 보수
R154: ※출처 : KS C IEC 60085 | AC154: · 모터 베어링 점검 및 교체
AC155: · 모터 그리스 충진량 확인
A156: 현황 사진 | I156: 적합 | Q156: 미흡사항
A157: 사진 | I157: 사진 | Q157: 사진
Y160: ※ 대아펌프 자료에 모터 Insulation grade : F grade 표기되어 있어 적용함.
I164: 사유 : | K164: 베어링 및 모터 허용온도 이내로 운전되므로 적합함 | Q164: 사유 :
A168: ⑤ 베이스 앵커볼트 노후 및 풀림 상태
A170: 구 분 | C170: 점검내용
A171: 점검 방법 | C171: - 펌프 베이스 체결 볼트 부식 및 풀림 상태 확인
A172: 점검 기준 | C172: 볼트 노후 상태 | G172: - 녹슨 부위가 없을 것 | Y172: 볼트 및 너트에 녹 발생 | AC172: 녹 제거후 너트 교체
C173: 볼트 풀림 상태 | G173: - 손으로 풀리는 볼트, 너트가 없을 것 | Y173: 볼트 너트 풀림 | AC173: 풀리지 않도록 다시 체결
A175: 현황 사진 | I175: 적합 | Q175: 미흡사항
A176: 사진 | I176: 사진 | Q176: 사진
I183: 사유 : | K183: 녹슨 부위가 없고 볼트 너트 풀림이 없으므로 적합함 | Q183: 사유 :
A188: ⑥ 이상 전류 차단 장치 동작 상태
A190: 구 분 | C190: 점검내용
A191: 점검 방법 | C191: - 펌프 운전 중 이상 전류 차단 장치(EOCR 또는 열동형 계전기) 확인
C192: * 전자식 과전류 계전기(Electronic Over Current Relay, EOCR)
...

Sheet 신재생에너지(지열)
A2: 신재생에너지(지열) 시스템 성능점검표 | R2: 설비번호
R3: 용 도
A4: 점검자 | C4: ='정보입력-Rev.2'!$C$9 -> 홍길동 | I4: 점검일자 | L4: ='정보입력-Rev.2'!$C$5&"."&'정보입력-Rev.2'!$E$5&"."&'정보입력-Rev.2'!$G$5&" ~ "&'정보입력-Rev.2'!$J$5&"."&'정보입력-Rev.2'!$L$5&"."&'정보입력-Rev.2'!$N$5 -> 2026.9.2 ~ 2026.9.2 | R4: 설치위치(No.)
A6: 구 분 | C6: 점검내용 | V6: 점검결과
A7: 점검 항목 | C7: ① 유지관리 점검표 확인 | V7: ○
C8: ② 노후, 부식 상태 | V8: ○
C9: ③ 지열시스템 및 히트펌프 정상 작동 상태 | V9: ○
A10: 조치 사항 | C10: < 미흡사항 >
C13: < 조치필요사항 >
A16: 현장 사진
A30: 비 고
A33: 작 성 방 법
A34: 1. 유지관리지침서 및 기계설비 유지관리 및 성능점검 대상 현황표와의 적합여부를 참고하여 점검결과를 작성한다.
A35: 2. 점검결과에는 [적합 ○, 조치필요 ×, 해당없음 /]을 표기한다.
A36: 3. 현황사진에는 영 별표 7 제3호의 장비를 사용한 측정사진 및 측정데이터를 포함하여 첨부한다.
A39: ① 유지관리 점검표 확인
A41: 구 분 | C41: 점검내용
A42: 점검 기준 | C42: - 해당 기계설비의 유지관리 점검표가 있는가 | Z42: · 구비서류 미비(준공도서, 운용 매뉴얼 등) | AE42: · 미비 서류 보완
C43: - 기계설비 유지관리기준 별지 제2호서식에 따라 작성되었는가
C44: - 반기별 1회 이상 작성되었는가
A46: 현황 사진 | I46: 적합 | Q46: 미흡사항
A47: 유지관리 점검표 사진 | I47: 사진 | Q47: 사진
Z53: · 기계설비 유지관리기준 별지 제2호서식에 따라 유지관리 점검표를 반기별 1회이상 작성, 보유하고 있으므로 적합함
I55: 사유 : | K55: 기계설비유지관리 기준에 따라 반기별 1회 적정하게 작성되어 적합함 | Q55: 사유 :
A59: ② 노후, 부식 상태
A61: 구 분 | C61: 점검내용
A62: 점검 방법 | C62: - 장비 사용 연수, 외관 및 설치 상태에 대한 육안점검
A63: 점검 기준 | C63: - 장비의 사용 연수는 얼마인가 | Z63: · 육안점검 시 성능에 문제가 될 정도의 노후 및 부식이 발생했을 경우 | AE63: · 상태에 따라 부분 보수, 전 체 보수, 교체
C64: - 방진상태, 부식 등이 확인되는가
C65: - 주위배관 및 부속류의 손상, 변형, 부식은 없는가
C66: - MCC 및 현장패널의 설정값과 계측값은 일치하는가
A68: 현황 사진 | I68: 적합 | Q68: 미흡사항
A69: 사진 | I69: 사진 | Q69: 사진
I77: 사유 : | K77: 사용연수가 00년으로 손상, 변형, 부식이 없으며 패널의 설정값과 계측값이 일치하므로 적합함 | Q77: 사유 :
A85: ③ 지열시스템 및 히트펌프 정상 작동 상태
A87: 구 분 | C87: 점검내용
A88: 점검 방법 | C88: - 지열시스템 제어 판넬 또는 중앙감시반을 통해 확인 | Z88: · 냉방 시 전년도에 비하여 지열 공급 온도가 현저하게 높은 경우 | AE88: · 제조사 보수 및 원인 파악
C89: * 지열순환펌프 유량 및 지열 공급/환수 온도는 제어 판넬 또는 중앙감시반을 통해서 확인
C90: 가능할 경우만 확인
C91: * 유량, 공급 온도를 판넬 또는 중앙감시반에서 확인할 수 없다 하더라도 미흡사항은 아님 | Z91: · 난방 시 전년도에 비하여 지열 공급 온도가 현저하게 낮은 경우 | AE91: · 제조사 보수 및 원인 파악
C92: (제조사 화면구성에 따라 다름)
A93: 점검 기준 | C93: 지열순환펌프 유량 확인 | M93: - 설계값의 ±10% 이내
C94: 지열 공급 온도 확인 | M94: - 냉방 시 전년도에 비하여 현저하게 높지 않을 것
M95: - 난방 시 전년도에 비하여 현저하게 낮지 않을 것
A97: 현황 사진 | I97: 적합 | Q97: 미흡사항
A98: 사진 | I98: 사진 | Q98: 사진
I106: 사유 : | K106: 순환펌프 유량 및 공급온도가 적정하므로 적합함 | Q106: 사유 :

Sheet 신재생에너지(태양열)
A2: 신재생에너지(태양열) 시스템 성능점검표 | R2: 설비번호
R3: 용 도
A4: 점검자 | C4: ='정보입력-Rev.2'!$C$9 -> 홍길동 | I4: 점검일자 | L4: ='정보입력-Rev.2'!$C$5&"."&'정보입력-Rev.2'!$E$5&"."&'정보입력-Rev.2'!$G$5&" ~ "&'정보입력-Rev.2'!$J$5&"."&'정보입력-Rev.2'!$L$5&"."&'정보입력-Rev.2'!$N$5 -> 2026.9.2 ~ 2026.9.2 | R4: 설치위치(No.)
A6: 구 분 | C6: 점검내용 | V6: 점검결과
A7: 점검 항목 | C7: ① 유지관리 점검표 확인 | V7: ○
C8: ② 노후, 부식 상태 | V8: ○
C9: ③ 태양열 집열기, 축열조 온도 상태 | V9: ○
A10: 조치 사항 | C10: < 미흡사항 >
C13: < 조치필요사항 >
A16: 현장 사진
A30: 비 고
A33: 작 성 방 법
A34: 1. 유지관리지침서 및 기계설비 유지관리 및 성능점검 대상 현황표와의 적합여부를 참고하여 점검결과를 작성한다.
A35: 2. 점검결과에는 [적합 ○, 조치필요 ×, 해당없음 /]을 표기한다.
A36: 3. 현황사진에는 영 별표 7 제3호의 장비를 사용한 측정사진 및 측정데이터를 포함하여 첨부한다.
A39: ① 유지관리 점검표 확인
A41: 구 분 | C41: 점검내용
A42: 점검 기준 | C42: - 해당 기계설비의 유지관리 점검표가 있는가 | Z42: · 구비서류 미비(준공도서, 운용 매뉴얼 등) | AE42: · 미비 서류 보완
C43: - 기계설비 유지관리기준 별지 제2호서식에 따라 작성되었는가
C44: - 반기별 1회 이상 작성되었는가
A46: 현황 사진 | I46: 적합 | Q46: 미흡사항
A47: 유지관리 점검표 사진 | I47: 사진 | Q47: 사진
Z53: · 기계설비 유지관리기준 별지 제2호서식에 따라 유지관리 점검표를 반기별 1회이상 작성, 보유하고 있으므로 적합함
I55: 사유 : | K55: 기계설비유지관리 기준에 따라 반기별 1회 적정하게 작성되어 적합함 | Q55: 사유 :
A59: ② 노후, 부식 상태
A61: 구 분 | C61: 점검내용
A62: 점검 방법 | C62: - 장비 사용 연수, 외관 및 설치 상태에 대한 육안점검
A63: 점검 기준 | C63: - 장비의 사용 연수는 얼마인가 | Z63: · 육안점검 시 성능에 문제가 될 정도의 노후 및 부식이 발생했을 경우 | AE63: · 상태에 따라 부분 보수, 전 체 보수, 교체
C64: - 방진상태, 부식 등이 확인되는가
C65: - 주위배관 및 부속류의 손상, 변형, 부식은 없는가
C66: - MCC 및 현장패널의 설정값과 계측값은 일치하는가
A68: 현황 사진 | I68: 적합 | Q68: 미흡사항
A69: 사진 | I69: 사진 | Q69: 사진
I77: 사유 : | K77: 사용연수가 00년으로 손상, 변형, 부식이 없으며 패널의 설정값과 계측값이 일치하므로 적합함 | Q77: 사유 :
A85: ③ 태양열 집열기, 축열조 온도 상태
A87: 구 분 | C87: 점검내용
A88: 점검 방법 | C88: - 태양열 급탕시스템의 차온제어기 확인
A89: 점검 기준 | C89: - 축열조의 급탕 온도가 설계값의 ±10% 이내
Z90: · 축열조의 온도가 설계값의 ±10% 범위를 벗어났을 경 우 | AE90: · 제조사 보수
A91: 현황 사진 | I91: 적합 | Q91: 미흡사항
A92: 사진 | I92: 사진 | Q92: 사진
I100: 사유 : | K100: 축열조 급탕온도가 설계값의 10% 내외 이므로 적합함 | Q100: 사유 :

Sheet 신재생에너지(연료전지)
A2: 신재생에너지(연료전지) 성능점검표 | R2: 설비번호
R3: 용 도
A4: 점검자 | C4: ='정보입력-Rev.2'!$C$9 -> 홍길동 | I4: 점검일자 | L4: ='정보입력-Rev.2'!$C$5&"."&'정보입력-Rev.2'!$E$5&"."&'정보입력-Rev.2'!$G$5&" ~ "&'정보입력-Rev.2'!$J$5&"."&'정보입력-Rev.2'!$L$5&"."&'정보입력-Rev.2'!$N$5 -> 2026.9.2 ~ 2026.9.2 | R4: 설치위치(No.)
A6: 구 분 | C6: 점검내용 | V6: 점검결과
A7: 점검 항목 | C7: ① 유지관리 점검표 확인 | V7: ○
C8: ② 노후, 부식 상태 | V8: ○
C9: ③ 연료전지 발전부 온도 상태 | V9: ○
A10: 조치 사항 | C10: < 미흡사항 >
C13: < 조치필요사항 >
A16: 현장 사진
A30: 비 고
A33: 작 성 방 법
A34: 1. 유지관리지침서 및 기계설비 유지관리 및 성능점검 대상 현황표와의 적합여부를 참고하여 점검결과를 작성한다.
A35: 2. 점검결과에는 [적합 ○, 조치필요 ×, 해당없음 /]을 표기한다.
A36: 3. 현황사진에는 영 별표 7 제3호의 장비를 사용한 측정사진 및 측정데이터를 포함하여 첨부한다.
A39: ① 유지관리 점검표 확인
A41: 구 분 | C41: 점검내용
A42: 점검 기준 | C42: - 해당 기계설비의 유지관리 점검표가 있는가 | Z42: · 구비서류 미비(준공도서, 운용 매뉴얼 등) | AE42: · 미비 서류 보완
C43: - 기계설비 유지관리기준 별지 제2호서식에 따라 작성되었는가
C44: - 반기별 1회 이상 작성되었는가
A46: 현황 사진 | I46: 적합 | Q46: 미흡사항
A47: 유지관리 점검표 사진 | I47: 사진 | Q47: 사진
Z54: · 기계설비 유지관리기준 별지 제2호서식에 따라 유지관리 점검표를 반기별 1회이상 작성, 보유하고 있으므로 적합함
I55: 사유 : | K55: 기계설비유지관리 기준에 따라 반기별 1회 적정하게 작성 되어 적합함 | Q55: 사유 :
A59: ② 노후, 부식 상태
A61: 구 분 | C61: 점검내용
A62: 점검 방법 | C62: - 장비 사용 연수, 외관 및 설치 상태에 대한 육안점검
A63: 점검 기준 | C63: - 장비의 사용 연수는 얼마인가 | Z63: · 육안점검 시 성능에 문제가 될 정도의 노후 및 부식이 발생했을 경우 | AE63: · 상태에 따라 부분 보수, 전 체 보수, 교체
C64: - 방진상태, 부식 등이 확인되는가
C65: - 주위배관 및 부속류의 손상, 변형, 부식은 없는가
A67: 현황 사진 | I67: 적합 | Q67: 미흡사항
A68: 사진 | I68: 사진 | Q68: 사진
I76: 사유 : | K76: 사용연수가 00년으로 손상, 변형, 부식이 없으므로 적합함 | Q76: 사유 :
A86: ③ 연료전지 발전부 온도 상태
A88: 구 분 | C88: 점검내용
A89: 점검 방법 | C89: - 제어 판넬을 통해 확인
A90: 점검 기준 | C90: - 발전부의 온도값이 설계값의 ±10% 이내인가
Z91: · 설계값의 ±10% 범위를 벗어났을 경우 | AE91: · 제조사 보수
A92: 현황 사진 | I92: 적합 | Q92: 미흡사항
A93: 사진 | I93: 사진 | Q93: 사진
I101: 사유 : | K101: 발전부 온도값이 설계값의 10%내외 이므로 적합함 | Q101: 사유 :

Sheet 패키지에어컨
A2: 패키지 에어컨 성능점검표 | R2: 설비번호
R3: 용 도
A4: 점검자 | C4: ='정보입력-Rev.2'!$C$9 -> 홍길동 | I4: 점검일자 | L4: ='정보입력-Rev.2'!$C$5&"."&'정보입력-Rev.2'!$E$5&"."&'정보입력-Rev.2'!$G$5&" ~ "&'정보입력-Rev.2'!$J$5&"."&'정보입력-Rev.2'!$L$5&"."&'정보입력-Rev.2'!$N$5 -> 2026.9.2 ~ 2026.9.2 | R4: 설치위치(No.)
A6: 구 분 | C6: 점검내용 | V6: 점검결과
A7: 점검 항목 | C7: ① 유지관리 점검표 확인 | V7: ○
C8: ② 실내기 및 실외기 소음 상태 | V8: ○
C9: ③ 실외기 고정 상태 | V9: ○
C10: ④ 과열차단기 작동 상태 | V10: ○
C11: ⑤ 필터 오염 상태 | V11: ○
A12: 조치 사항 | C12: < 미흡사항 >
C15: < 조치필요사항 >
A18: 현장 사진
A34: 비 고
A37: 작 성 방 법
A38: 1. 유지관리지침서 및 기계설비 유지관리 및 성능점검 대상 현황표와의 적합여부를 참고하여 점검결과를 작성한다.
A39: 2. 점검결과에는 [적합 ○, 조치필요 ×, 해당없음 /]을 표기한다.
A40: 3. 현황사진에는 영 별표 7 제3호의 장비를 사용한 측정사진 및 측정데이터를 포함하여 첨부한다.
A41: 4. 전체 수량의 20% 이상 범위 내에서 점검을 실시한다.
A42: 5. 에어컨, 시스템에어컨, EHP, GHP, CDU 등을 포함하여 작성한다.
A45: ① 유지관리 점검표 확인
A47: 구 분 | C47: 점검내용
A48: 점검 기준 | C48: - 해당 기계설비의 유지관리 점검표가 있는가 | Y48: · 구비서류 미비(준공도서, 운용 매뉴얼 등) | AC48: · 미비 서류 보완
C49: - 기계설비 유지관리기준 별지 제2호서식에 따라 적정하게 작성되었는가
C50: - 반기별 1회 이상 작성되었는가
A52: 현황 사진 | I52: 적합 | Q52: 미흡사항
A53: 유지관리 점검표 사진 | I53: 사진 | Q53: 사진
Y59: · 기계설비 유지관리기준 별지 제2호서식에 따라 유지관리 점검표를 반기별 1회이상 작성, 보유하고 있으므로 적합함
I61: 사유 : | K61: 기계설비유지관리 기준에 따라 반기별 1회 적정하게 작성되어 적합함 | Q61: 사유 :
A65: ② 실내기 및 실외기 소음상태
A67: 구 분 | C67: 점검내용
A68: 점검 방법 | C68: - 실내기, 실외기 소음 상태 확인
A70: 점검 기준 | C70: - 실내기 및 실외기 이상 소음 발생 여부
Y72: · 실내기 및 실외기에서 이상 소음이 발생하는 경우 | AC72: · 제조사 보수
A73: 현황 사진 | I73: 적합 | Q73: 미흡사항
A74: 사진 | I74: 사진 | Q74: 사진
I82: 사유 : | K82: 운전중 이상소음이 발생하지 않으므로 적합함 | Q82: 사유 :
A92: ③ 실외기 고정 상태
A94: 구 분 | C94: 점검내용
A95: 점검 방법 | C95: - 실외기 고정상태 육안 확인
Y96: · 서포트의 기능을 하지 못할 정도의 부식이나 녹이 발생 한 경우 | AC96: · 제조사 보수
A97: 점검 기준 | C97: - 실외기의 서포트는 부식이나 녹이 발생하지 않았는가
C98: - 실외기의 서포트 볼트는 풀림없이 고정되어 있는가
Y99: · 서포트 볼트 풀림이 발생한 경우 | AC99: · 볼트 조임
A100: 현황 사진 | I100: 적합 | Q100: 미흡사항
A101: 사진 | I101: 사진 | Q101: 사진
I109: 사유 : | K109: 서포트 부식이 없고 볼트 풀림이 없으므로 적합함 | Q109: 사유 :
A113: ④ 과열차단기 작동 상태
A115: 구 분 | C115: 점검내용
A116: 점검 방법 | C116: - 패키지에어컨에 연결된 차단기 작동 점검 | Y116: · 누전테스트 버튼 작동이 제 대로 되지 않는 경우 | AC116: · 해당 차단기 교체
A118: 점검 기준 | C118: - 누전테스트 버튼 작동 시 정상적으로 차단되는가?
A121: 현황 사진 | I121: 적합 | Q121: 미흡사항
A122: 사진 | I122: 사진 | Q122: 사진
I130: 사유 : | K130: 누전테스트 버튼 작동시 정상적으로 차단되므로 적합함 | Q130: 사유 :
A138: ⑤ 필터 오염 상태
A140: 구 분 | C140: 점검내용
A141: 점검 방법 | C141: - 패키지에어컨 필터 상태 육안 점검 | Y141: · 필터 이물질 등 오염 정도가 심한 경우 | AC141: · 필터 청소
A143: 점검 기준 | C143: - 필터 오염 상태가 양호한가
A146: 현황 사진 | I146: 적합 | Q146: 미흡사항
A147: 사진 | I147: 사진 | Q147: 사진
I155: 사유 : | K155: 성능유지 또는 운영상 문제가 될 정도의 오염은 없어 적합함 | Q155: 사유 :
B181: <소음 측정>
T182: 단위 : dB
B183: 구분 | D183: OUH-8-1 | H183: OUH-8-2 | L183: OUH-12-1 | P183: OUH-12-2 | T183: OUH-12-3
D184: 실내 | F184: 실외 | H184: 실내 | J184: 실외 | L184: 실내 | N184: 실외 | P184: 실내 | R184: 실외 | T184: 실내 | V184: 실외
B185: 소음 측정값 | D185: 63.3 | F185: 66.3 | H185: 62.5 | J185: 65.3 | L185: 63.5 | N185: 62.3 | P185: 66.5 | R185: 65.4 | T185: 61.2 | V185: 61.5

Sheet 항온항습기
A2: 항온항습기 성능점검표 | R2: 설비번호
R3: 용 도
A4: 점검자 | C4: ='정보입력-Rev.2'!$C$9 -> 홍길동 | I4: 점검일자 | L4: ='정보입력-Rev.2'!$C$5&"."&'정보입력-Rev.2'!$E$5&"."&'정보입력-Rev.2'!$G$5&" ~ "&'정보입력-Rev.2'!$J$5&"."&'정보입력-Rev.2'!$L$5&"."&'정보입력-Rev.2'!$N$5 -> 2026.9.2 ~ 2026.9.2 | R4: 설치위치(No.)
A6: 구 분 | C6: 점검내용 | V6: 점검결과
A7: 점검 항목 | C7: ① 유지관리 점검표 확인 | V7: ○
C8: ② 실외기 부식 상태 | V8: ○
C9: ③ 실내기 및 실외기 송풍기 이상 소음 ‧ 진동 상태 | V9: ○
C10: ④ 과열차단기 작동 상태 | V10: ○
C11: ⑤ 필터 오염 상태 | V11: ○
A12: 조치 사항 | C12: < 미흡사항 >
C15: < 조치필요사항 >
A18: 현장 사진
A34: 비 고
A37: 작 성 방 법
A38: 1. 유지관리지침서 및 기계설비 유지관리 및 성능점검 대상 현황표와의 적합여부를 참고하여 점검결과를 작성한다.
A39: 2. 점검결과에는 [적합 ○, 조치필요 ×, 해당없음 /]을 표기한다.
A40: 3. 현황사진에는 영 별표 7 제3호의 장비를 사용한 측정사진 및 측정데이터를 포함하여 첨부한다.
A41: 4. 전체 수량의 20% 이상 범위 내에서 점검을 실시한다.
A44: ① 유지관리 점검표 확인
A46: 구 분 | C46: 점검내용
A47: 점검 기준 | C47: - 해당 기계설비의 유지관리 점검표가 있는가 | Z47: · 구비서류 미비(준공도서, 운용 매뉴얼 등) | AE47: · 미비 서류 보완
C48: - 기계설비 유지관리기준 별지 제2호서식에 따라 적정하게 작성되었는가
C49: - 반기별 1회 이상 작성되었는가
A51: 현황 사진 | I51: 적합 | Q51: 미흡사항
A52: 유지관리 점검표 사진 | I52: 사진 | Q52: 사진
I60: 사유 : | K60: 기계설비유지관리 기준에 따라 반기별 1회 적정하게 작성되어 적합함 | Q60: 사유 : | Z60: · 기계설비 유지관리기준 별지 제2호서식에 따라 유지관리 점검표를 반기별 1회이상 작성, 보유하고 있으므로 적합함
A64: ② 실외기 부식상태
A66: 구 분 | C66: 점검내용
A67: 점검 방법 | C67: - 외관 및 설치 상태에 대한 육안점검 | Z67: · 서포트의 기능을 하지 못할 정도의 부식이나 녹이 발생 한 경우 | AE67: · 제조사 보수
A69: 점검 기준 | C69: - 부식 흔적이 있는가(성능에 문제가 될 정도의 부식이 상당히 진행된 경우 미흡사항)
A72: 현황 사진 | I72: 적합 | Q72: 미흡사항
A73: 사진 | I73: 사진 | Q73: 사진
I81: 사유 : | K81: 성능에 문제가 될정도의 부식이 없으므로 적합함 | Q81: 사유 :
A91: ③ 실내기 및 실외기 송풍기 이상 소음·진동 상태
A93: 구 분 | C93: 점검내용
A94: 점검 방법 | C94: - 소음 및 진동상태 확인 | Z94: · 실내기 및 실외기 이상 소 음·진동이 발생하는 경우 | AE94: · 제조사 보수
A96: 점검 기준 | C96: - 평시 운전과 다른 소음이나 진동이 있는가
A99: 현황 사진 | I99: 적합 | Q99: 미흡사항
A100: 사진 | I100: 사진 | Q100: 사진
I108: 사유 : | K108: 운전시 이상 진동, 소음이 없으므로 적합함 | Q108: 사유 :
A112: ④ 과열차단기 작동 상태
A114: 구 분 | C114: 점검내용
A115: 점검 방법 | C115: - 항온항습기에 연결된 차단기 작동 점검 | Z115: · 누전테스트 버튼 작동이 제 대로 되지 않는 경우 | AE115: · 해당 차단기 교체
A117: 점검 기준 | C117: - 누전테스트 버튼 작동 시 정상적으로 차단되는가?
A120: 현황 사진 | I120: 적합 | Q120: 미흡사항
A121: 사진 | I121: 사진 | Q121: 사진
I129: 사유 : | K129: 누전테스트 버튼 작동시 정상 작동되므로 적합함 | Q129: 사유 :
A138: ⑤ 필터 오염 상태
A140: 구 분 | C140: 점검내용
A141: 점검 방법 | C141: - 항온항습기 필터 상태 육안 점검 | Y141: · 필터 이물질 등 오염 정도가 심한 경우 | AC141: · 필터 청소
A143: 점검 기준 | C143: - 필터 오염 상태가 양호한가
A146: 현황 사진 | I146: 적합 | Q146: 미흡사항
A147: 사진 | I147: 사진 | Q147: 사진
I155: 사유 : | K155: 성능유지 또는 운영상 문제가 될 정도의 오염은 없어 적합함 | Q155: 사유 :
B186: <소음 측정>
T187: 단위 : dB
B188: 구분 | D188: CRAC-1 | H188: CRAC-2 | L188: CRAC-3 | P188: CRAC-4 | T188: CRAC-5
D189: 실내 | F189: 실외 | H189: 실내 | J189: 실외 | L189: 실내 | N189: 실외 | P189: 실내 | R189: 실외 | T189: 실내 | V189: 실외
B190: 소음 측정값 | D190: 63.3 | F190: 66.3 | H190: 62.5 | J190: 65.3 | L190: 63.5 | N190: 62.3 | P190: 66.5 | R190: 65.4 | T190: 61.2 | V190: 61.5

Sheet 공기조화기
A2: 공기조화기 성능점검표 | R2: 설비번호
R3: 용 도
A4: 점검자 | C4: ='정보입력-Rev.2'!$C$9 -> 홍길동 | I4: 점검일자 | L4: ='정보입력-Rev.2'!$C$5&"."&'정보입력-Rev.2'!$E$5&"."&'정보입력-Rev.2'!$G$5&" ~ "&'정보입력-Rev.2'!$J$5&"."&'정보입력-Rev.2'!$L$5&"."&'정보입력-Rev.2'!$N$5 -> 2026.9.2 ~ 2026.9.2 | R4: 설치위치(No.)
A6: 구 분 | C6: 점검내용 | V6: 점검결과
A7: 점검 항목 | C7: ① 유지관리 점검표 확인 | V7: ○
C8: ② 외부 케이싱 부식, 손상, 변형 상태 | V8: ○
C9: ③ 전동댐퍼(OA, EA, RA) 작동 상태 | V9: ○
C10: ④ 동파방지 장치 작동 상태 | V10: ○
C11: ⑤ 공기조화기(송풍기) 풍량 상태 | V11: ○
C12: ⑥ 폐열회수장치 작동 상태 | V12: ○
C13: ⑦ 소음, 진동 상태 | V13: ○
C14: ⑧ 필터 오염 상태 | V14: ○
A15: 조치 사항 | C15: < 미흡사항 >
C18: < 조치필요사항 >
A21: 현장 사진
A35: 비 고
A37: 작 성 방 법
A38: 1. 유지관리지침서 및 기계설비 유지관리 및 성능점검 대상 현황표와의 적합여부를 참고하여 점검결과를 작성한다.
A39: 2. 점검결과에는 [적합 ○, 조치필요 ×, 해당없음 /]을 표기한다.
A40: 3. 현황사진에는 영 별표 7 제3호의 장비를 사용한 측정사진 및 측정데이터를 포함하여 첨부한다.
A41: 4. 전체 수량의 20% 이상 범위 내에서 점검을 실시한다.
A44: ① 유지관리 점검표 확인
A46: 구 분 | C46: 점검내용
A47: 점검 기준 | C47: - 해당 기계설비의 유지관리 점검표가 있는가 | Z47: · 구비서류 미비(준공도서, 운용 매뉴얼 등) | AE47: · 미비 서류 보완
C48: - 기계설비 유지관리기준 별지 제2호서식에 따라 적정하게 작성되었는가
C49: - 반기별 1회 이상 작성되었는가
A51: 현황 사진 | I51: 적합 | Q51: 미흡사항
A52: 유지관리 점검표 사진 | I52: 사진 | Q52: 사진
Z58: · 기계설비 유지관리기준 별지 제2호서식에 따라 유지관리 점검표를 반기별 1회이상 작성, 보유하고 있으므로 적합함
I60: 사유 : | K60: 기계설비유지관리 기준에 따라 반기별 1회 적정하게 작성되어 적합함 | Q60: 사유 :
A64: ② 외부 케이싱 부식, 손상, 변형 상태
A66: 구 분 | C66: 점검내용
A67: 점검 방법 | C67: - 장비 외관 및 설치 상태에 대한 육안점검 | Z67: · 성능에 문제가 될 정도의 부식, 손상, 변형 이 발생 했을 경우 | AE67: · 부분 보수 및 교체
A69: 점검 기준 | C69: - 케이싱에 손상이나 변형된 부분이 있는가
C70: - 부식 흔적이 있는가
A72: 현황 사진 | I72: 적합 | Q72: 미흡사항
A73: 사진 | I73: 사진 | Q73: 사진
I81: 사유 : | K81: 부식이 없고 변형된 부분이 없으므로 적합함 | Q81: 사유 :
A91: ③ 전동댐퍼(OA, EA, RA) 작동 상태
A93: 구 분 | C93: 점검내용
A94: 점검 방법 | C94: - 해당 공기조화기 댐퍼의 자동제어 지시값과 현장 전동댐퍼 동작 확인 | Z94: · 댐퍼 고장 | AE94: · 댐퍼 보수 및 교체
A96: 점검 기준 | C96: - 자동제어 지시에 따라 정상적으로 구동될 것 | Z96: · 자동제어 지시에 따라 구동 하지 않을 경우 | AE96: · 엑추에이터 보수 및 교체
C97: - 댐퍼 자체 고장은 없는지 확인
A99: 현황 사진 | I99: 적합 | Q99: 미흡사항
A100: 사진 | I100: 사진 | Q100: 사진
I108: 사유 : | K108: 전동댐퍼가 고장이 없고 자동제어 지시에 따라 구동되므로 적합함 | Q108: 사유 :
A112: ④ 동파방지 장치 작동 상태
A114: 구 분 | C114: 점검내용
A115: 점검 방법 | C115: - 공기조화기에 부착된 동파방지장치 제어 판넬 확인 | Z115: · 동파방지 장치가 작동하지 않을 경우 | AE115: · 보수 및 교체
A117: 점검 기준 | C117: - 정상적으로 가동할 것
A120: 현황 사진 | I120: 적합 | Q120: 미흡사항
A121: 사진 | I121: 사진 | Q121: 사진
I129: 사유 : | K129: 동파방지 장치가 정상 가동되므로 적합함 | Q129: 사유 :
A138: ⑤ 공기조화기(송풍기) 풍량 상태
A140: 구 분 | C140: 점검내용 | Z140: · 설계값의 ±10%를 초과하 는 경우 | AE140: · 풀리 교체 및 회전수 조정
A141: 점검 방법 | C141: - 송풍기 풍량 측정 · 상세한 측정 방법은 대한설비공학회의 '공기조화 및 위생설비의 시험조정평가 기술 기준' 참조 ※ 비고 '측정시트' 참조 | AE141: · 상태에 따라 제조사 보수
A145: 점검 기준 | C145: - 풍량 측정치가 정격 풍량의 ±10% 일 것
A148: 현황 사진 | I148: 적합 | Q148: 미흡사항
A149: 사진 | I149: 사진 | Q149: 사진
I157: 사유 : | K157: 정격풍량의 10% 내외 이므로 적합함 | Q157: 사유 :
A161: ⑥ 폐열회수장치 작동 상태
A163: 구 분 | C163: 점검내용
A164: 점검 방법 | C164: - 폐열회수장치 유무를 확인 | Z164: · 정격 운전 기준 이전 성능 점검 열교환 효율 대비 금 년 성능점검 열교환 효율이 90% 미만인 경우 | AE164: · 제조사 보수
C165: - 열교환 효율 측정은 KS B 6879의 부속서B(규정) B.5 계산법에 기준하여 확인 ※ 비고 참조
A167: 점검 기준 | C167: - 정상적으로 동작할 것
C168: - 정격 운전 기준 이전 성능점검 열교환 효율 대비 금년 성능점검 열교환 효율이 90% 이상인가 ※ 최초 점검 시 제조사 기준 대비 확인함
A171: 현황 사진 | I171: 적합 | Q171: 미흡사항
A172: 사진 | I172: 사진 | Q172: 사진
I180: 사유 : | K180: 정상적으로 작동하고 열교환 효율이 90% 이상이므로 적합함 | Q180: 사유 :
A186: ⑦ 소음, 진동 상태
A188: 구 분 | C188: 점검내용
A189: 점검 방법 | C189: - 공기조화기 운전 상태 확인
A191: 점검 기준 | C191: - 이상 소음이나 진동이 없을 것 | Z191: · 이상 소음, 진동 발생시 | AF191: · 제조사 보수
A194: 현황 사진 | I194: 적합 | Q194: 미흡사항
A195: 사진 | I195: 사진 | Q195: 사진
I203: 사유 : | K203: 운전중 이상 소음 및 진동이 없으므로 적합함 | Q203: 사유 :
A207: ⑧ 필터 오염 상태
A209: 구 분 | C209: 점검내용
A210: 점검 방법 | C210: - 공기조화기 필터 오염 상태 육안 점검 - 공기조화기 필터에 설치된 차압계 측정값 확인 | Y210: · 필터 이물질 등 오염 정도가 심한 경우 | AC210: · 필터 청소
A212: 점검 기준 | C212: - 필터 오염 상태가 양호한가 - 필터 말기 차압(50 mmAq)이 설계값 또는 제조사 이내인가
A215: 현황 사진 | I215: 적합 | Q215: 미흡사항
A216: 사진 | I216: 사진 | Q216: 사진
I224: 사유 : | K224: 성능유지 또는 운영상 문제가 될 정도의 오염은 없어 적합함 | Q224: 사유 :
A235: <측정 값 비교>
A237: 구분 | E237: 설치 년도 | G237: 풍량(CMH) | K237: 정압(mmAq) | O237: 전류(A) | S237: 필터정압 손실 (mmAq) | V237: 비고
G238: SA | I238: RA | K238: SA | M238: RA | O238: SA | Q238: RA
A239: AHU-101 | C239: 설계 | E239: 2021 | G239: 19700 | I239: 15000 | K239: 128 | M239: 50.6 | O239: 4 | Q239: 2.9 | S239: 40
C240: 측정 | G240: 10811 | I240: 5610 | K240: 44.5 | M240: 46.8 | O240: 4 | Q240: 2.6 | S240: 20
C241: % | G241: =G240/G239 -> 0.54878173 | I241: =I240/I239 -> 0.374
A242: AHU-104 | C242: 설계 | E242: 2021 | G242: 10800 | I242: 0 | K242: 140 | O242: 17.6 | S242: 40 | V242: RA 없음
C243: 측정 | G243: 10395 | K243: 136.3 | O243: 16.2 | S243: 17
C244: % | G244: =G243/G242 -> 0.9625

Sheet 팬코일유닛
A2: 팬코일 유닛 성능점검표 | R2: 설비번호
R3: 용 도
A4: 점검자 | C4: ='정보입력-Rev.2'!$C$9 -> 홍길동 | I4: 점검일자 | L4: ='정보입력-Rev.2'!$C$5&"."&'정보입력-Rev.2'!$E$5&"."&'정보입력-Rev.2'!$G$5&" ~ "&'정보입력-Rev.2'!$J$5&"."&'정보입력-Rev.2'!$L$5&"."&'정보입력-Rev.2'!$N$5 -> 2026.9.2 ~ 2026.9.2 | R4: 설치위치(No.)
A6: 구 분 | C6: 점검내용 | V6: 점검결과
A7: 점검 항목 | C7: ① 유지관리 점검표 확인 | V7: ○
C8: ② 노후 및 부식 상태 | V8: ○
C9: ③ 전동밸브 정상 작동 상태 | V9: ○
C10: ④ 조닝 적정 상태 | V10: ○
C11: ⑤ 팬코일 풍량 조절 상태 | V11: ○
C12: ⑥ 필터 오염 상태 | V12: ○
A13: 조치 사항 | C13: < 미흡사항 >
C16: < 조치필요사항 >
A19: 현장 사진
A33: 비 고
A36: 작 성 방 법
A37: 1. 유지관리지침서 및 기계설비 유지관리 및 성능점검 대상 현황표와의 적합여부를 참고하여 점검결과를 작성한다.
A38: 2. 점검결과에는 [적합 ○, 조치필요 ×, 해당없음 /]을 표기한다.
A39: 3. 현황사진에는 영 별표 7 제3호의 장비를 사용한 측정사진 및 측정데이터를 포함하여 첨부한다.
A40: 4. 전체 수량의 20% 이상 범위 내에서 점검을 실시한다.
A41: 5. 팬파워 유닛, 터미널 유닛, 팬컨벡터 등을 포함하여 작성한다.
A44: ① 유지관리 점검표 확인
A46: 구 분 | C46: 점검내용
A47: 점검 기준 | C47: - 해당 기계설비의 유지관리 점검표가 있는가 | Z47: · 구비서류 미비(준공도서, 운용 매뉴얼 등) | AE47: · 미비 서류 보완
C48: - 기계설비 유지관리기준 별지 제2호서식에 따라 적정하게 작성되었는가
C49: - 반기별 1회 이상 작성되었는가
A51: 현황 사진 | I51: 적합 | Q51: 미흡사항
A52: 유지관리 점검표 사진 | I52: 사진 | Q52: 사진
Z59: · 기계설비 유지관리기준 별지 제2호서식에 따라 유지관리 점검표를 반기별 1회이상 작성, 보유하고 있으므로 적합함
I60: 사유 : | K60: 기계설비유지관리 기준에 따라 반기별 1회 적정하게 작성되어 적합함 | Q60: 사유 :
A64: ② 노후 및 부식 상태
A66: 구 분 | C66: 점검내용
A67: 점검 방법 | C67: - 장비 사용 연수, 외관 및 설치 상태에 대한 육안점검
A69: 점검 기준 | C69: - 장비의 사용 연수는 얼마인가 | Z69: · 성능에 문제가 될 정도의 부식, 손상, 변형이 발생했 을 경우 | AE69: · 보수 또는 교체
C70: - 케이싱, 외부 상태는 양호한가
C71: - 연결배관, 덕트의 상태는 양호한가
C72: - 점검구의 위치는 적절한가
A74: 현황 사진 | I74: 적합 | Q74: 미흡사항
A75: 사진 | I75: 사진 | Q75: 사진
I83: 사유 : | K83: 점검구 위치가 적절하고 연결배관 및 케이싱 외부 상태가 양호하므로 적합함 | Q83: 사유 :
A91: ③ 전동밸브 정상 작동 상태
A93: 구 분 | C93: 점검내용
A94: 점검 방법 | C94: - 온도조절기에서 설정값을 변화시켜 전동밸브의 작동상태를 확인
A96: 점검 기준 | C96: - 전동밸브가 정상적으로 작동하는가 | Z96: · 전동밸브가 정상적으로 작 동하지 않는 경우 | AE96: · 보수 또는 교체
A99: 현황 사진 | I99: 적합 | Q99: 미흡사항
A100: 사진 | I100: 사진 | Q100: 사진
I108: 사유 : | K108: 전동밸브가 정상 작동하므로 적합함 | Q108: 사유 :
A112: ④ 조닝 적정 상태
A114: 구 분 | C114: 점검내용
A115: 점검 방법 | C115: - 실별, 방위별, 부하특성 등에 따른 조닝의 적정성을 확인
A117: 점검 기준 | C117: - 실별, 방위별, 부하특성 등에 따른 조닝이 적정하게 형성되어 있는가 | Z117: · 실별, 방위별, 부하특성 등 에 따른 조닝이 적정하게 형 성되어 있지 않을 경우 | AE117: · 조닝 상태 보완
A120: 현황 사진 | I120: 적합 | Q120: 미흡사항
A121: 사진 | I121: 사진 | Q121: 사진
I129: 사유 : | K129: 부하특성에 따라 조닝이 적정하게 형성되어 적합함 | Q129: 사유 :
A138: ⑤ 팬코일 풍량 조절 상태
A140: 구 분 | C140: 점검내용
A141: 점검 방법 | C141: - FCU 풍량 조절 기능 확인 ※ 비고 '측정시트' 참조
A143: 점검 기준 | C143: - 단계별 풍량 조절이 가능한가 | Z143: · 단계별 풍량조절이 가능하 지 않을 경우 | AE143: · 제조사 보수
A146: 현황 사진 | I146: 적합 | Q146: 미흡사항
A147: 사진 | I147: 사진 | Q147: 사진
I155: 사유 : | K155: 단계별 풍량 조절이 가능하므로 적합함 | Q155: 사유 :
A159: ⑤ 필터 오염 상태
A161: 구 분 | C161: 점검내용
A162: 점검 방법 | C162: - 항온항습기 필터 상태 육안 점검 | Y162: · 필터 이물질 등 오염 정도가 심한 경우 | AC162: · 필터 청소
A164: 점검 기준 | C164: - 필터 오염 상태가 양호한가
A167: 현황 사진 | I167: 적합 | Q167: 미흡사항
A168: 사진 | I168: 사진 | Q168: 사진
I176: 사유 : | K176: 성능유지 또는 운영상 문제가 될 정도의 오염은 없어 적합함 | Q176: 사유 :
A185: <측정시트>
W186: ※ 운전상태는 O, X로 표시
B187: 설비번호 | E187: 설치 년도 | G187: 운전상태 | K187: 단계별 운전상태 | Q187: 출구온도 (℃) | T187: 비고
G188: ON | I188: OFF | K188: 강 | M188: 중 | O188: 약
B189: FCU-106-1 | E189: 2019 | G189: ○ | M189: ○ | Q189: 25.5 | T189: 객실
B190: FCU-106-2 | E190: 2019 | G190: ○ | M190: ○ | Q190: 25.5 | T190: 객실
B191: FCU-106-3 | E191: 2019 | G191: ○ | M191: ○ | Q191: 25.5 | T191: 객실
B192: FCU-106-4 | E192: 2019 | G192: ○ | M192: ○ | Q192: 25.5 | T192: 객실
B193: FCU-106-5 | E193: 2019 | G193: ○ | M193: ○ | Q193: 25.5 | T193: 객실
B194: FCU-106-6 | E194: 2019 | G194: ○ | M194: ○ | Q194: 25.5 | T194: 객실
B195: FCU-106-7 | E195: 2019 | G195: ○ | M195: ○ | Q195: 25.5 | T195: 객실
B196: FCU-106-8 | E196: 2019 | G196: ○ | M196: ○ | Q196: 25.5 | T196: 객실
B197: FCU-106-9 | E197: 2019 | G197: ○ | M197: ○ | Q197: 25.5 | T197: 객실
B198: FCU-106-10 | E198: 2019 | G198: ○ | M198: ○ | Q198: 25.5 | T198: 객실
B199: FCU-106-11 | E199: 2019 | G199: ○ | M199: ○ | Q199: 25.5 | T199: 객실
B200: FCU-106-12 | E200: 2019 | G200: ○ | M200: ○ | Q200: 25.5 | T200: 객실
B201: FCU-106-13 | E201: 2019 | G201: ○ | M201: ○ | Q201: 25.5 | T201: 객실
A203: 팬코일 성능점검 기록표
A205: 구 분 | G205: 성능점검기록표 | S205: 결 과 | V205: 비 고
A206: 설비번호 | D206: 설치위치 | G206: 유지관리 점검표 확인 | I206: 노후및 부식상태 | K206: 전동밸브 작동상태 | M206: 조닝적정 상태 | O206: 풍량조절 상태 | Q206: 필터 상태
A207: FCU-106-1 | D207: 6F 객실 | G207: ○ | I207: ○ | K207: ○ | M207: ○ | O207: ○ | Q207: ○ | S207: 적합 | V207: 객실
A208: FCU-106-2 | D208: 6F 객실 | G208: ○ | I208: ○ | K208: ○ | M208: ○ | O208: ○ | Q208: ○ | S208: 적합 | V208: 객실
A209: FCU-106-3 | D209: 6F 객실 | G209: ○ | I209: ○ | K209: ○ | M209: ○ | O209: ○ | Q209: ○ | S209: 적합 | V209: 객실
A210: FCU-106-4 | D210: 6F 객실 | G210: ○ | I210: ○ | K210: ○ | M210: ○ | O210: ○ | Q210: ○ | S210: 적합 | V210: 객실
A211: FCU-106-5 | D211: 6F 객실 | G211: ○ | I211: ○ | K211: ○ | M211: ○ | O211: ○ | Q211: ○ | S211: 적합 | V211: 객실
A212: FCU-106-6 | D212: 6F 객실 | G212: ○ | I212: ○ | K212: ○ | M212: ○ | O212: ○ | Q212: ○ | S212: 적합 | V212: 객실
A213: FCU-106-7 | D213: 6F 객실 | G213: ○ | I213: ○ | K213: ○ | M213: ○ | O213: ○ | Q213: ○ | S213: 적합 | V213: 객실
A214: FCU-106-8 | D214: 6F 객실 | G214: ○ | I214: ○ | K214: ○ | M214: ○ | O214: ○ | Q214: ○ | S214: 적합 | V214: 객실
A215: FCU-106-9 | D215: 6F 객실 | G215: ○ | I215: ○ | K215: ○ | M215: ○ | O215: ○ | Q215: ○ | S215: 적합 | V215: 객실
A216: FCU-106-10 | D216: 6F 객실 | G216: ○ | I216: ○ | K216: ○ | M216: ○ | O216: ○ | Q216: ○ | S216: 적합 | V216: 객실
A217: FCU-106-11 | D217: 6F 객실 | G217: ○ | I217: ○ | K217: ○ | M217: ○ | O217: ○ | Q217: ○ | S217: 적합 | V217: 객실
A218: 최종결과 및 분석의견 | G218: FCU 풍량조절, 온도, 밸브개폐, 덕트 및 필터상태 등을 점검한 결과 적합함.

Sheet 환기
A2: 환기설비 성능점검표 | R2: 설비번호
R3: 용 도
A4: 점검자 | C4: ='정보입력-Rev.2'!$C$9 -> 홍길동 | I4: 점검일자 | L4: ='정보입력-Rev.2'!$C$5&"."&'정보입력-Rev.2'!$E$5&"."&'정보입력-Rev.2'!$G$5&" ~ "&'정보입력-Rev.2'!$J$5&"."&'정보입력-Rev.2'!$L$5&"."&'정보입력-Rev.2'!$N$5 -> 2026.9.2 ~ 2026.9.2 | R4: 설치위치(No.)
A6: 구 분 | C6: 점검내용 | V6: 점검결과
A7: 점검 항목 | C7: ① 유지관리 점검표 확인 | V7: ○
C8: ② 노후 및 부식 상태 | V8: ○
C9: ③ 모터 및 송풍기 베어링 이상 소음 상태 | V9: ○
C10: ④ 볼륨댐퍼 개ㆍ폐쇄 상태 | V10: ○
C11: ⑤ 이산화탄소 농도 확인 (10개소 내외) | V11: ○
C12: ⑥ 급ㆍ배기 풍량 상태 | V12: ○
C13: ⑦ 필터 오염 상태 | V13: ○
A14: 조치 사항 | C14: < 미흡사항 >
C16: < 조치필요사항 >
A18: 현장 사진
A34: 비 고
A36: 작 성 방 법
A37: 1. 유지관리지침서 및 기계설비 유지관리 및 성능점검 대상 현황표와의 적합여부를 참고하여 점검결과를 작성한다.
A38: 2. 점검결과에는 [적합 ○, 조치필요 ×, 해당없음 /]을 표기한다.
A39: 3. 현황사진에는 영 별표 7 제3호의 장비를 사용한 측정사진 및 측정데이터를 포함하여 첨부한다.
A40: 4. 전체 수량의 20% 이상 범위 내에서 점검을 실시한다.
A41: 5. 송풍기, 열회수형 환기장치 등을 포함하여 작성한다.
A44: ① 유지관리 점검표 확인
A46: 구 분 | C46: 점검내용
A47: 점검 기준 | C47: - 해당 기계설비의 유지관리 점검표가 있는가 | Y47: · 구비서류 미비(준공도서, 운용 매뉴얼 등) | AC47: · 미비 서류 보완
C48: - 기계설비 유지관리기준 별지 제2호서식에 따라 적정하게 작성되었는가
C49: - 반기별 1회 이상 작성되었는가
A51: 현황 사진 | I51: 적합 | Q51: 미흡사항
A52: 유지관리 점검표 사진 | I52: 사진 | Q52: 사진
Y59: · 기계설비 유지관리기준 별지 제2호서식에 따라 유지관리 점검표를 반기별 1회이상 작성, 보유하고 있으므로 적합함
I60: 사유 : | K60: 기계설비유지관리 기준에 따라 반기별 1회 적정하게 작성되어 적합함 | Q60: 사유 :
A64: ② 노후 및 부식상태
A66: 구 분 | C66: 점검내용
A67: 점검 방법 | C67: - 장비 사용 연수, 외관 및 설치 상태에 대한 육안점검
A69: 점검 기준 | C69: - 장비의 사용 연수는 얼마인가 | Y69: · 성능에 문제가 될 정도의 부식, 손상, 변형이 발생했 을 경우 | AC69: · 보수 또는 교체
C70: - 케이싱, 방진 상태는 양호한가
C71: - 송풍기, 덕트 연결상태는 양호한가
C72: - 팬 벨트 상태는 양호한가
C73: - 덕트 오염 상태는 양호한가
A75: 현황 사진 | I75: 적합 | Q75: 미흡사항
A76: 사진 | I76: 사진 | Q76: 사진
I84: 사유 : | K84: 성능에 문제가 될정도의 부식, 손상, 변형이 없으므로 적합함 | Q84: 사유 :
A91: ③ 모터 및 송풍기 베어링 이상 소음 상태
A93: 구 분 | C93: 점검내용
A94: 점검 방법 | C94: - 송풍기 운전 시 청음
A96: 점검 기준 | C96: - 평소 운전과 다른 이상 소음이 발생하는가 | Y96: · 평시 운전과 다른 이상 소 음이 발생할 경우 | AC96: · 보수 또는 베어링 교체
A99: 현황 사진 | I99: 적합 | Q99: 미흡사항
A100: 사진 | I100: 사진 | Q100: 사진
I108: 사유 : | K108: 운전시 베어링 이상 소음이 없으므로 적합함 | Q108: 사유 :
A112: ④ 볼륨댐퍼 개·폐쇄 상태
A114: 구 분 | C114: 점검내용
A115: 점검 방법 | C115: - 풍량이 부족한 설비가 있을 경우 해당 계통의 볼륨댐퍼 개방 상태 점검 * 댐퍼 작동 상태 확인 후 원위치(점검 전 개폐상태) 시킬 것
A117: 점검 기준 | C117: - 조정이 잘못된 댐퍼가 있는가(상시 개방, 상시 폐쇄 상태 확인) | Y117: · 파손된 댐퍼 | AC117: · 댐퍼 보수 또는 교체
C118: - 댐퍼는 정상 작동 하는가
Y119: · 조정이 잘못된 댐퍼 | AC119: · 댐퍼 개도율 재조정
A120: 현황 사진 | I120: 적합 | Q120: 미흡사항
A121: 사진 | I121: 사진 | Q121: 사진
I129: 사유 : | K129: 이상 소음이 없고 정상 작동되므로 적합함 | Q129: 사유 :
A138: ⑤ 이산화탄소 농도 확인 (10개소 내외)
A140: 구 분 | C140: 점검내용
A141: 점검 방법 | C141: - CO2 측정계로 이산화탄소 농도 확인
A143: 점검 기준 | C143: - CO2 측정값이 1,000 PPM 미만인가
A146: 현황 사진 | I146: 적합 | Q146: 미흡사항
A147: 사진 | I147: 사진 | M147: 사진 | Q147: 사진
Y149: · CO2 측정값이 1,000 PPM 이상인 경우
I151: 사진 | M151: 사진
I155: 사유 : | K155: 측정 CO2 농도 확인 결과 1,000 ppm 미만으로 적합함(측정값 참조) | Q155: 사유 :
A160: ⑥ 급·배기 풍량 상태
A162: 구 분 | C162: 점검내용
A163: 점검 방법 | C163: - 풍량 측정 후 정격값과 비교 · 상세 측정 방법은 대한설비공학회의 '공기조화 및 위생설비의 시험조정평가 기술기준'참조 ※ 비고 '측정시트' 참조 | Y163: · 전류 측정값이 정격 전류를 초과하는 경우 | AC163: · 제조사 보수
A166: 점검 기준 | C166: - 풍량 측정값이 정격 풍량의 ±10% 이내인가 | Y166: · 측정 풍량값이 정격 풍량의 ±10%를 초과하는 경우 | AC166: · 풀리 교체 또는 회전수 조정(인버터)
C167: - 환기설비의 전류 측정값이 정격 전류 이하인가
A169: 현황 사진 | I169: 적합 | Q169: 미흡사항
A170: 사진 | I170: 전류 | M170: 풍량 | Q170: 사진
I178: 사유 : | K178: 전류값이 정격전류 이내이고 풍량 측정값이 정격 풍량의 10% 내외로 적합함 | Q178: 사유 :
A185: ⑦ 필터 오염 상태
A187: 구 분 | C187: 점검내용
A188: 점검 방법 | C188: - 환기설비 필터 상태 육안 점검
A191: 점검 기준 | C191: - 환기설비 필터 오염 상태가 양호한가
A194: 현황 사진 | I194: 적합 | Q194: 미흡사항
A195: 사진 | I195: 사진 | Q195: 사진
I203: 사유 : | K203: 성능유지 또는 운영상 문제가 될 정도의 오염은 없어 적합함 | Q203: 사유 :
B233: <송풍기>
B235: 구분 | F235: 설치 년도 | H235: 풍량 (CMH) | K235: 정압(mmAq) | Q235: 전류(A) | T235: 비고
K236: 흡입측 | N236: 토출측
B237: SF-01 | D237: 설계 | F237: 2012 | H237: 4404 | K237: - | N237: 50 | Q237: 5
D238: 측정 | H238: 4340 | K238: - | N238: 5.3 | Q238: 2.3
D239: % | H239: =H238/H237 -> 0.98546776
B240: EF-01 | D240: 설계 | F240: 2012 | H240: 4700 | K240: - | N240: 50 | Q240: 3.3
D241: 측정 | H241: 4491 | K241: - | N241: 10 | Q241: 2.8
D242: % | H242: =H241/H240 -> 0.95553191
B245: <CO2 농도 측정>
T246: 단위 : ppm
B247: 구분 | D247: F-4-1 (101동 주차장(좌) P-1) | L247: F-4-2 (101동 주차장 (좌) P-1) | T247: 비고
D248: ① | F248: ② | H248: ③ | J248: ④ | L248: ① | N248: ② | P248: ③ | R248: ④
B249: CO2 농도

Sheet 공기조화기-열교환 효율 계산법
A1: 공기조화기 성능점검표
R2: 설비번호
A3: 점검자 | C3: 한국기계설비관리㈜ | I3: 점검일자 | L3: 2022.09.15 ~ 09.30 | R3: 설치위치(No.)
A5: 구 분 | C5: 점검내용 | V5: 점검결과
A6: 점검 항목 | C6: ① 유지관리 점검표 확인 | V6: ○
C7: ② 외부 케이싱 부식, 손상, 변형 상태 | V7: ○
C8: ③ 전동댐퍼(OA, EA, RA) 작동 상태 | V8: ○
C9: ④ 동파방지 장치 작동 상태 | V9: ○
C10: ⑤ 공기조화기(송풍기) 풍량 상태 | V10: ○
C11: ⑥ 폐열회수장치 작동 상태 | V11: ○
C12: ⑦ 소음, 진동 상태 | V12: ○
A13: 부적합 | C13: < 부적합사항 >
C16: < 조치필요사항 >
A19: 현장 사진
A35: 비 고
A37: 작 성 방 법
A38: 1. 유지관리지침서 및 점검대상 기계설비 현황표와의 적합여부를 참고하여 점검결과를 작성한다.
A39: 2. 점검결과에는 [적합 ○, 부적합 ×, 해당없음 /]을 표기한다.
A40: 3. 전체 수량의 20% 이상 범위 내에서 점검을 실시한다.
A41: ① 유지관리 점검표 확인
A43: 구 분 | C43: 점검내용
A44: 점검 기준 | C44: - 해당 기계설비의 유지관리 점검표가 있는가
C45: - 기계설비 유지관리기준 별지 제2호서식에 따라 적정하게 작성되었는가
C46: - 반기별 1회 이상 작성되었는가
A48: 현황 사진 | I48: 적합 | Q48: 부적합
A49: 사진 | I49: 사진 | Q49: 사진
I57: 사유 : | Q57: 사유 :
A61: ② 외부 케이싱 부식, 손상, 변형 상태
A63: 구 분 | C63: 점검내용
A64: 점검 방법 | C64: - 장비 외관 및 설치 상태에 대한 육안점검
A66: 점검 기준 | C66: - 케이싱에 손상이나 변형된 부분이 있는가
C67: - 부식 흔적이 있는가
A69: 현황 사진 | I69: 적합 | Q69: 부적합
A70: 사진 | I70: 사진 | Q70: 사진
I78: 사유 : | Q78: 사유 :
A86: ③ 전동댐퍼(OA, EA, RA) 작동 상태
A88: 구 분 | C88: 점검내용
A89: 점검 방법 | C89: - 해당 공기조화기 댐퍼의 자동제어 지시값과 현장 전동댐퍼 동작 확인
A91: 점검 기준 | C91: - 자동제어 지시에 따라 정상적으로 구동될 것
C92: - 댐퍼 자체 고장은 없는지 확인
A94: 현황 사진 | I94: 적합 | Q94: 부적합
A95: 사진 | I95: 사진 | Q95: 사진
I103: 사유 : | Q103: 사유 :
A107: ④ 동파방지 장치 작동 상태
A109: 구 분 | C109: 점검내용
A110: 점검 방법 | C110: - 공기조화기에 부착된 동파방지장치 제어 판넬 확인
A112: 점검 기준 | C112: - 정상적으로 가동할 것
A115: 현황 사진 | I115: 적합 | Q115: 부적합
A116: 사진 | I116: 사진 | Q116: 사진
I124: 사유 : | Q124: 사유 :
A131: ⑤ 공기조화기(송풍기) 풍량 상태
A133: 구 분 | C133: 점검내용
A134: 점검 방법 | C134: - 송풍기 풍량 측정 · 상세한 측정 방법은 대한설비공학회의 '공기조화 및 위생설비의 시험조정평가 기술 기준' 참조 ※ 비고 '측정시트' 참조
A138: 점검 기준 | C138: - 풍량 측정치가 정격 풍량의 ±10% 일 것
A141: 현황 사진 | I141: 적합 | Q141: 부적합
A142: 사진 | I142: 사진 | Q142: 사진
I150: 사유 : | Q150: 사유 :
A154: ⑥ 폐열회수장치 작동 상태
A156: 구 분 | C156: 점검내용
A157: 점검 방법 | C157: - 폐열회수장치 유무를 확인
C158: - 열교환 효율 측정은 KS B 6879의 부속서B(규정) B.5 계산법에 기준하여 확인 ※ 비고 참조
A160: 점검 기준 | C160: - 정상적으로 동작할 것
C161: - 정격 운전 기준 이전 성능점검 열교환 효율 대비 금년 성능점검 열교환 효율이 90% 이상인가 ※ 최초 점검 시 제조사 기준 대비 확인함
A164: 현황 사진 | I164: 적합 | Q164: 부적합
A165: 사진 | I165: 사진 | Q165: 사진
I173: 사유 : | Q173: 사유 :
A176: ⑦ 소음, 진동 상태
A178: 구 분 | C178: 점검내용
A179: 점검 방법 | C179: - 공기조화기 운전 상태 확인
A181: 점검 기준 | C181: - 이상 소음이나 진동이 없을 것
A184: 현황 사진 | I184: 적합 | Q184: 부적합
A185: 사진 | I185: 사진 | Q185: 사진
I193: 사유 : | Q193: 사유 :
A197: ⑧ 열교환 효율 계산법
A199: 구 분 | C199: 점검 기준 근거
A200: 관련 법규 | C200: - 열회수형 환기장치 - KS B 6879-2020 부속서 B(규정) - 열교환 효율 측정 방법 B.5 계산법

Sheet 필터
A2: 필터설비 성능점검표 | R2: 설비번호
R3: 용 도
A4: 점검자 | C4: ='정보입력-Rev.2'!$C$9 -> 홍길동 | I4: 점검일자 | L4: ='정보입력-Rev.2'!$C$5&"."&'정보입력-Rev.2'!$E$5&"."&'정보입력-Rev.2'!$G$5&" ~ "&'정보입력-Rev.2'!$J$5&"."&'정보입력-Rev.2'!$L$5&"."&'정보입력-Rev.2'!$N$5 -> 2026.9.2 ~ 2026.9.2 | R4: 설치위치(No.)
A6: 구 분 | C6: 점검내용 | V6: 점검결과
A7: 점검 항목 | C7: ① 유지관리 점검표 확인 | V7: ○ | Z7: · 구비서류 미비(준공도서, 운용 매뉴얼 등) | AE7: · 미비 서류 보완
C8: ② 필터 차압 상태 | V8: ○
C9: ③ 필터 오염 상태 | V9: ○
A10: 조치 사항 | C10: < 미흡사항 >
C13: < 조치필요사항 >
A16: 현장 사진
A28: 비 고
A30: 작 성 방 법
A31: 1. 유지관리지침서 및 기계설비 유지관리 및 성능점검 대상 현황표와의 적합여부를 참고하여 점검결과를 작성한다.
A32: 2. 점검결과에는 [적합 ○, 조치필요 ×, 해당없음 /]을 표기한다.
A33: 3. 현황사진에는 영 별표 7 제3호의 장비를 사용한 측정사진 및 측정데이터를 포함하여 첨부한다.
A34: 4. 필터유닛, 냄새제거필터유닛, 특수목적필터 등을 포함하여 작성한다.
A37: ① 유지관리 점검표 확인
A39: 구 분 | C39: 점검내용
A40: 점검 기준 | C40: - 해당 기계설비의 유지관리 점검표가 있는가 | Z40: · 구비서류 미비(준공도서, 운용 매뉴얼 등) | AE40: · 미비 서류 보완
C41: - 기계설비 유지관리기준 별지 제2호서식에 따라 적정하게 작성되었는가
C42: - 반기별 1회 이상 작성되었는가
A44: 현황 사진 | I44: 적합 | Q44: 미흡사항
A45: 유지관리 점검표 사진 | I45: 사진 | Q45: 사진
Z51: · 기계설비 유지관리기준 별지 제2호서식에 따라 유지관리 점검표를 반기별 1회이상 작성, 보유하고 있으므로 적합함
I53: 사유 : | K53: 기계설비유지관리 기준에 따라 반기별 1회 적정하게 작성되어 적합함 | Q53: 사유 :
A57: ② 필터 차압 상태
A59: 구 분 | C59: 점검내용
A60: 점검 방법 | C60: - 필터에 설치된 차압계 측정값 확인
A62: 점검 기준 | C62: - 필터 말기 차압(설계값 또는 제조사 기준값) 이하일 것 | Z62: · 필터 말기 차압을 초과할 경우 | AF62: · 필터 교체
AB63: (50mmAq 이상)
A65: 현황 사진 | I65: 적합 | Q65: 미흡사항
A66: 사진 | I66: 사진 | Q66: 사진
I74: 사유 : | K74: 필터 말기 차압이 기준값(50mmAq) 이하로 적합함 | Q74: 사유 :
A84: ③ 필터 오염 상태
A86: 구 분 | C86: 점검내용
A87: 점검 방법 | C87: - 필터 상태 육안 점검
A89: 점검 기준 | C89: - 필터 오염 상태가 양호한가 | Z89: · 필터 말기 차압을 초과할 경우 | AF89: · 필터 교체
AB90: (50mmAq 이상)
A92: 현황 사진 | I92: 적합 | Q92: 미흡사항
A93: 사진 | I93: 사진 | Q93: 사진
I101: 사유 : | K101: 성능유지 또는 운영상 문제가 될 정도의 오염은 없어 적합함 | Q101: 사유 :
B130: 필터 측정 기록표
B132: 구 분 | K132: 차압(mmAq) | O132: 오염 상태 | Q132: 세척및 교체주기 | S132: 결 과 | V132: 비고
B133: 설비번호 | E133: 위치 | H133: 필터종류 | K133: 설계 | M133: 측정
B134: FU-103 | E134: 10층 옥탑 | H134: 활성탄 | K134: 40 | M134: 6 | O134: 적합 | Q134: 적합 | S134: 적합 | V134: 화장실용
B135: FU-104 | E135: 옥탑 | H135: 활성탄 | K135: 40 | M135: 8.5 | O135: 적합 | Q135: 적합 | S135: 적합 | V135: 화장실용
B136: FU-105 | E136: 10층 옥탑 | H136: 활성탄 | K136: 40 | M136: 8 | O136: 적합 | Q136: 적합 | S136: 적합 | V136: 화장실용
B137: FU-106 | E137: 12층 옥탑 | H137: 활성탄 | K137: 40 | M137: 6 | O137: 적합 | Q137: 적합 | S137: 적합 | V137: 화장실용
B148: 최종결과 및 분석의견 | H148: 차압 측정 결과 차압 설정치(40mmAq)이하로 유지되므로 적합함.

Sheet 위생기구
A2: 위생기구설비 성능점검표 | R2: 설비번호 | U2: 위생기구설비
R3: 용 도 | U3: 화장실
A4: 점검자 | C4: ='정보입력-Rev.2'!$C$9 -> 홍길동 | I4: 점검일자 | L4: ='정보입력-Rev.2'!$C$5&"."&'정보입력-Rev.2'!$E$5&"."&'정보입력-Rev.2'!$G$5&" ~ "&'정보입력-Rev.2'!$J$5&"."&'정보입력-Rev.2'!$L$5&"."&'정보입력-Rev.2'!$N$5 -> 2026.9.2 ~ 2026.9.2 | R4: 설치위치(No.) | U4: 각층 화장실
A6: 구 분 | C6: 점검내용 | V6: 점검결과
A7: 점검 항목 | C7: ① 유지관리 점검표 확인 | V7: ○
C8: ② 자동 ‧ 수동 급수전 동작 상태 및 급수상태(10개소 내외) | V8: ○
C9: ③ 동파 방지 조치 상태 | V9: ○
C10: ④ 최상층 수전 사용에 따른 수격작용 상태 | V10: ○
A11: 조치 사항 | C11: < 미흡사항 >
C14: < 조치필요사항 >
A17: 현장 사진
A36: 비 고
A38: 작 성 방 법
A39: 1. 유지관리지침서 및 기계설비 유지관리 및 성능점검 대상 현황표와의 적합여부를 참고하여 점검결과를 작성한다.
A40: 2. 점검결과에는 [적합 ○, 조치필요 ×, 해당없음 /]을 표기한다.
A41: 3. 현황사진에는 영 별표 7 제3호의 장비를 사용한 측정사진 및 측정데이터를 포함하여 첨부한다.
A44: ① 유지관리 점검표 확인
A46: 구 분 | C46: 점검내용
A47: 점검 기준 | C47: - 해당 기계설비의 유지관리 점검표가 있는가 | Z47: · 구비서류 미비(준공도서, 운용 매뉴얼 등) | AE47: · 미비 서류 보완
C48: - 기계설비 유지관리기준 별지 제2호서식에 따라 적정하게 작성되었는가
C49: - 반기별 1회 이상 작성되었는가
A51: 현황 사진 | I51: 적합 | Q51: 미흡사항
A52: 유지관리 점검표 사진 | I52: 사진 | Q52: 사진
Z58: · 기계설비 유지관리기준 별지 제2호서식에 따라 유지관리 점검표를 반기별 1회이상 작성, 보유하고 있으므로 적합함
I60: 사유 : | K60: 기계설비유지관리 기준에 따라 반기별 1회 적정하게 작성되어 적합함 | Q60: 사유 :
A64: ② 자동·수동 급수전 동작 상태 및 급수상태(10개소 내외)
A66: 구 분 | C66: 점검내용
A67: 점검 방법 | C67: - 수전, 위생기구 급수 동작 확인
C68: - 최상층 수전, 최하층 수전 수압 측정
C69: - 점검개소는 총 10개소 내외(수전, 위생기구, 수압)
A70: 점검 기준 | C70: - 수전이 원활하게 작동 되는가(자동, 수동)
C71: - 최상층 수전, 최하층 수전의 수압은 적정한가 | Z71: · 급수전 미동작 | AE71: · 수전 보수 또는 교체
C72: * 기계설비 기술기준 [별표 5] 급수·급탕설비의 설계 및 시공 기준 표 2. 위생기구의 필요 급수압력과 유량에서 제시하는 최저필요수압 이상인가 * 층별 감압밸브가 설치되어 있는 경우 최고급수압력이 245kPa 이내인가 ※ 비고 참조 | Z72: · 수압이 기준치에서 벗어나 는 경우 | AE72: · 급수배관계통 압력 조정
A77: 현황 사진 | I77: 적합 | Q77: 미흡사항
A78: 사진 | I78: 사진 | Q78: 사진
I86: 사유 : | K86: 급수전이 정상 작동하고 수압 측정 값이 기준치에 적정하므로 적합함 | Q86: 사유 :
A91: ③ 동파 방지 조치 상태
A93: 구 분 | C93: 점검내용
A94: 점검 방법 | C94: - 화장실에 설치된 동파방지 장치(전열기, 라디에에이터, 열선 등) 가동 여부 점검
A96: 점검 기준 | C96: - 동파방지 장치가 정상적으로 동작하는가? | Z96: · 동파방지장치 미동작 | AE96: · 동파방지장치 보수 또는 교체
A99: 현황 사진 | I99: 적합 | Q99: 미흡사항
A100: 사진 | I100: 사진 | Q100: 사진
I108: 사유 : | K108: 동파방지 장치가 정상 작동되므로 적합함 | Q108: 사유 :
A112: ④ 최상층 수전 사용에 따른 수격작용 상태
A114: 구 분 | C114: 점검내용
A115: 점검 방법 | C115: - 수전 개폐 시 수격현상 발생 여부 확인 | Z115: · 수격 작용 발생 | AE115: · 급수라인 수격 방지기 보수 또는 교체
A117: 점검 기준 | C117: - 수전 급폐쇄 시 충격음이나 소음이 발생하는가
A120: 현황 사진 | I120: 적합 | Q120: 미흡사항
A121: 사진 | I121: 사진 | Q121: 사진
I129: 사유 : | K129: 충격음이나 소음이 발생하지 않으므로 적합함 | Q129: 사유 :
B139: <측정값>
B141: 측정위치 (샤프트 No.) | F141: 최상층 수전압력 | K141: 최하층 수전압력 | P141: 비고
F142: (kg/cm2g) | K142: (kg/cm2g)
B143: 공무동 | F143: 3 | K143: 3.3 | P143: 공용 부분 화장실
B151: 위생기구 점검 기록표
B153: 구 분 | H153: 위생기구 상태 및 동작 확인 | R153: 결과 | U153: 비고
H154: 정상:O , 불량:X , 해당없음: /
B155: 점검위치 | F155: 남/여 | H155: 세면기 | J155: 양변기 | L155: 소변기 | N155: 수격발생 | P155: 동파방지
B156: 공무동 | F156: 남 | H156: ○ | J156: ○ | L156: ○ | N156: ○ | P156: / | R156: ○
F157: 여
B158: 2층화장실 | F158: 남 | H158: ○ | J158: ○ | L158: ○ | N158: ○ | P158: / | R158: ○
F159: 여
B160: 1층화장실 | F160: 남 | H160: ○ | J160: ○ | L160: ○ | N160: ○ | P160: / | R160: ○
F161: 여
B166: 최종결과 및 분석의견 | F166: 전체적으로 위생기구설비의 동작상태는 양호하며, 수전 급폐 시 청음 결과 충격음이나 소음이 발생하지 않아 적합함.

Sheet 급수급탕
A2: 급수 ‧ 급탕설비 성능점검표 | R2: 설비번호 | U2: 급수·급탕설비
R3: 용 도 | U3: 급수·급탕
A4: 점검자 | C4: ='정보입력-Rev.2'!$C$9 -> 홍길동 | I4: 점검일자 | L4: ='정보입력-Rev.2'!$C$5&"."&'정보입력-Rev.2'!$E$5&"."&'정보입력-Rev.2'!$G$5&" ~ "&'정보입력-Rev.2'!$J$5&"."&'정보입력-Rev.2'!$L$5&"."&'정보입력-Rev.2'!$N$5 -> 2026.9.2 ~ 2026.9.2 | R4: 설치위치(No.) | U4: 기계실 등
A6: 구 분 | C6: 점검내용 | V6: 점검결과
A7: 점검 항목 | C7: ① 유지관리 점검표 확인 | V7: ○
C8: ② 펌프 운전(급수, 순환, 대류) 상태 | V8: ○
C9: ③ 급탕 안전밸브 설정 상태 | V9: ○
C10: ④ 급탕탱크 열교환기 증기트랩 동작 상태 | V10: ○
A11: 조치 사항 | C11: < 미흡사항 >
C14: < 조치필요사항 >
A17: 현장 사진
A30: 비 고
A32: 작 성 방 법
A33: 1. 유지관리지침서 및 기계설비 유지관리 및 성능점검 대상 현황표와의 적합여부를 참고하여 점검결과를 작성한다.
A34: 2. 점검결과에는 [적합 ○, 조치필요 ×, 해당없음 /]을 표기한다.
A35: 3. 현황사진에는 영 별표 7 제3호의 장비를 사용한 측정사진 및 측정데이터를 포함하여 첨부한다.
A38: ① 유지관리 점검표 확인
A40: 구 분 | C40: 점검내용
A41: 점검 기준 | C41: - 해당 기계설비의 유지관리 점검표가 있는가 | Z41: · 구비서류 미비(준공도서, 운용 매뉴얼 등) | AE41: · 미비 서류 보완
C42: - 기계설비 유지관리기준 별지 제2호서식에 따라 적정하게 작성되었는가
C43: - 반기별 1회 이상 작성되었는가
A45: 현황 사진 | I45: 적합 | Q45: 미흡사항
A46: 유지관리 점검표 사진 | I46: 사진 | Q46: 사진
Z53: · 기계설비 유지관리기준 별지 제2호서식에 따라 유지관리 점검표를 반기별 1회이상 작성, 보유하고 있으므로 적합함
I54: 사유 : | K54: 기계설비유지관리 기준에 따라 반기별 1회 적정하게 작성되어 적합함 | Q54: 사유 :
A58: ② 펌프 운전(급수, 순환, 대류) 상태
A60: 구 분 | C60: 점검내용
A61: 점검 방법 | C61: - 펌프 운전 상태 육안 점검
A63: 점검 기준 | C63: - 펌프가 원활하게 작동되는가 | Z63: · 이상 소음이나 진동이 발생 하는 경우 | AF63: · 제조사 보수
C64: - 1차측 및 2차측 압력이 설계압력의 ±10% 이내인가
C65: - 2차측 급탕온도는 60℃ 이내인가 | Z65: · 1차측, 2차측 압력이 설 계압력의 ±10%를 초과하 는 경우 | AF65: · 제조사 보수
A67: 현황 사진 | I67: 적합 | Q67: 미흡사항
A68: 사진 | I68: 사진 | Q68: 사진 | Z68: · 급탕온도가 60℃를 초과하 는 경우 | AF68: · 제조사 보수
I76: 사유 : | K76: 펌프가 원활하게 작동하고 압력이 설계압력의 10% 내외로 적합함 | Q76: 사유 :
A85: ③ 급탕 안전밸브 설정 상태
A87: 구 분 | C87: 점검내용
A88: 점검 방법 | C88: - 관리주체의 시험성적서 보유 여부 확인 (연 1회 추가) | Z88: · 설정압력이 최대 사용압력 을 초과하는 경우 | AE88: · 설정압력 조정 또는 안전밸브 교체
A89: 점검 기준 | C89: - 설정압력이 최대 사용압력 이하인지 확인
A91: 현황 사진 | I91: 적합 | Q91: 미흡사항
A92: 사진 | I92: 사진 | Q92: 사진
I100: 사유 : | K100: 설정 압력이 최대사용압력 이하로 적합함 | Q100: 사유 :
A104: ④ 급탕탱크 열교환기 증기트랩 동작 상태
A106: 구 분 | C106: 점검내용
A107: 점검 방법 | C107: - 열교환기 1차측 출구에 설치된 증기트랩 육안점검
A108: 점검 기준 | C108: - 증기 트랩의 설치 방향은 정상인가 | Z108: · 증기 트랩 방향이 반대로 설치된 경우 | AE108: · 보수 및 교체
C109: - 증기의 누설이 있는가
Z110: · 증기 누설이 발생할 경우 | AE110: · 보수 및 교체
A111: 현황 사진 | I111: 적합 | Q111: 미흡사항
A112: 사진 | I112: 사진 | Q112: 사진
I120: 사유 : | K120: 설치 방향이 정상이고 증기 누설이 없으므로 적합함 | Q120: 사유 :
B130: <급수급탕설비>
A132: 설비번호 | D132: 1차측 증기압력 | J132: 2차측 공급압력 | P132: 2차측 급탕온도 | V132: 비고
D133: (kg/cm2g) | J133: (kg/cm2g) | P133: (℃)
D134: 설계 | G134: 측정 | J134: 설계 | M134: 측정 | P134: 설계 | S134: 측정

Sheet 고저수조
A2: 고 ‧ 저수조 성능점검표 | R2: 설비번호 | U2: T-1
R3: 용 도 | U3: 급수저장 및 공급
A4: 점검자 | C4: ='정보입력-Rev.2'!$C$9 -> 홍길동 | I4: 점검일자 | L4: ='정보입력-Rev.2'!$C$5&"."&'정보입력-Rev.2'!$E$5&"."&'정보입력-Rev.2'!$G$5&" ~ "&'정보입력-Rev.2'!$J$5&"."&'정보입력-Rev.2'!$L$5&"."&'정보입력-Rev.2'!$N$5 -> 2026.9.2 ~ 2026.9.2 | R4: 설치위치(No.) | U4: 고·저수조실
A6: 구 분 | C6: 점검내용 | V6: 점검결과
A7: 점검 항목 | C7: ① 유지관리 점검표 확인 | V7: ○
C8: ② 파손, 변형, 누수, 결로 상태 | V8: ○
C9: ③ 자동센서 동작 상태 | V9: ○
C10: ④ 수질검사(관계법령에 따른 청소확인증 등을 통해 청소상태 확인) | V10: ○
A11: 조치 사항 | C11: < 미흡사항 >
C14: < 조치필요사항 >
A17: 현장 사진
A31: 비 고
A33: 작 성 방 법
A34: 1. 유지관리지침서 및 기계설비 유지관리 및 성능점검 대상 현황표와의 적합여부를 참고하여 점검결과를 작성한다.
A35: 2. 점검결과에는 [적합 ○, 조치필요 ×, 해당없음 /]을 표기한다.
A36: 3. 현황사진에는 영 별표 7 제3호의 장비를 사용한 측정사진 및 측정데이터를 포함하여 첨부한다.
A39: ① 유지관리 점검표 확인
A41: 구 분 | C41: 점검내용
A42: 점검 기준 | C42: - 해당 기계설비의 유지관리 점검표가 있는가 | Z42: · 구비서류 미비(준공도서, 운용 매뉴얼 등) | AE42: · 미비 서류 보완
C43: - 기계설비 유지관리기준 별지 제2호서식에 따라 적정하게 작성되었는가
C44: - 반기별 1회 이상 작성되었는가
A46: 현황 사진 | I46: 적합 | Q46: 미흡사항
A47: 유지관리 점검표 사진 | I47: 사진 | Q47: 사진
Z52: · 기계설비 유지관리기준 별지 제2호서식에 따라 유지관리 점검표를 반기별 1회이상 작성, 보유하고 있으므로 적합함
I55: 사유 : | K55: 기계설비유지관리 기준에 따라 반기별 1회 적정하게 작성되어 적합함 | Q55: 사유 :
A59: ② 파손, 변형, 누수, 결로 상태
A61: 구 분 | C61: 점검내용
A62: 점검 방법 | C62: - 저수조 내부, 외부, 오버플로우, 드레인, 통기관, 정경구의 파손, 변형, 누수 결로 상태 확인
A63: 점검 기준 | C63: - 내외부에 파손, 변형 흔적이 없을 것 | Z63: · 성능에 문제가 될 정도의 파손, 변형, 누수, 결로가 발 생한 경우 | AE63: · 제조사 보수
C64: - 누수, 결로의 흔적이 없을 것
A66: 현황 사진 | I66: 적합 | Q66: 미흡사항
A67: 사진 | I67: 사진 | Q67: 사진
I75: 사유 : | K75: 성능에 문제가 될정도의 파손, 변형, 누수, 결로가 없으므로 적합함 | Q75: 사유 :
A85: ③ 자동센서 동작 상태
A87: 구 분 | C87: 점검내용
A88: 점검 방법 | C88: - 자동제어 또는 현장제어판넬의 계기류 점검
A89: 점검 기준 | C89: - 정상적으로 수위를 측정할 것 | Z89: · 자동센서 동작이 불능인 경우 | AE89: · 보수 또는 교체
C90: - 자동센서에 의한 펌프 기동/정지(고수조) 또는 수위조절밸브 개방/폐쇄(저수조) 확인
A92: 현황 사진 | I92: 적합 | Q92: 미흡사항
A93: 사진 | I93: 사진 | Q93: 사진
I101: 사유 : | K101: 자동센서에 의해 동작이 정상 작동되므로 적합함 | Q101: 사유 :
A105: ④ 수질검사(관계법령에 따른 청소확인증 등을 통해 청소상태 확인)
A107: 구 분 | C107: 점검내용 | Z107: · 시험성적서 확인 시 기준 치를 초과하는 항목이 있는 경우
A108: 점검 방법 | C108: - 관리주체의 청소확인증 등 보유 여부 확인 (연 1회 추가) | AE108: · 원인 파악 또는 재검사
A110: 현황 사진 | I110: 적합 | Q110: 미흡사항 | Z110: · 시험성적서가 없는 경우 | AE110: · 수질검사 실시
A111: 사진 | I111: 사진 | Q111: 사진
I119: 사유 : | K119: 청소 확인증을 통해 저수조 청소 상태 확인하였으며, 점검기준에 부합하므로 적합함. | Q119: 사유 :

Sheet 오배수우수
A2: 오·배수 통기 및 우수배수설비 성능점검표 | R2: 설비번호 | U2: 오·배수 통기 및 우수배수설비
R3: 용 도 | U3: 오·배수 통기 및 우수배수
A4: 점검자 | C4: ='정보입력-Rev.2'!$C$9 -> 홍길동 | I4: 점검일자 | L4: ='정보입력-Rev.2'!$C$5&"."&'정보입력-Rev.2'!$E$5&"."&'정보입력-Rev.2'!$G$5&" ~ "&'정보입력-Rev.2'!$J$5&"."&'정보입력-Rev.2'!$L$5&"."&'정보입력-Rev.2'!$N$5 -> 2026.9.2 ~ 2026.9.2 | R4: 설치위치(No.) | U4: 기계실 등
A6: 구 분 | C6: 점검내용 | V6: 점검결과
A7: 점검 항목 | C7: ① 유지관리 점검표 확인 | V7: ○
C8: ② 파손, 변형, 악취 여부 | V8: ○
C9: ③ 오 ‧ 배수 및 우수 펌프 동작 상태 | V9: ○
C10: ④ 경보장치 상태 | V10: ○
C11: ⑤ 오 ‧ 배수 및 우수 탱크 수위센서 정상 동작 상태 | V11: ○
A12: 조치 사항 | C12: < 미흡사항 >
C15: < 조치필요사항 >
A18: 현장 사진
A35: 비 고
A37: 작 성 방 법
A38: 1. 유지관리지침서 및 기계설비 유지관리 및 성능점검 대상 현황표와의 적합여부를 참고하여 점검결과를 작성한다.
A39: 2. 점검결과에는 [적합 ○, 조치필요 ×, 해당없음 /]을 표기한다.
A40: 3. 현황사진에는 영 별표 7 제3호의 장비를 사용한 측정사진 및 측정데이터를 포함하여 첨부한다.
A43: ① 유지관리 점검표 확인
A45: 구 분 | C45: 점검내용
A46: 점검 기준 | C46: - 해당 기계설비의 유지관리 점검표가 있는가 | Z46: · 구비서류 미비(준공도서, 운용 매뉴얼 등) | AE46: · 미비 서류 보완
C47: - 기계설비 유지관리기준 별지 제2호서식에 따라 적정하게 작성되었는가
C48: - 반기별 1회 이상 작성되었는가
A50: 현황 사진 | I50: 적합 | Q50: 미흡사항
A51: 유지관리 점검표 사진 | I51: 사진 | Q51: 사진
Z58: · 기계설비 유지관리기준 별지 제2호서식에 따라 유지관리 점검표를 반기별 1회이상 작성, 보유하고 있으므로 적합함
I59: 사유 : | K59: 기계설비유지관리 기준에 따라 반기별 1회 적정하게 작성되어 적합함 | Q59: 사유 :
A63: ② 파손, 변형, 악취 여부
A65: 구 분 | C65: 점검내용
A66: 점검 방법 | C66: - 배수트랩 이물질 및 봉수가 유지되는지를 확인 | Z66: · 파손, 변형, 악취, 막힘이 발생한 경우 | AE66: · 보수 또는 교체
C67: - 오·배수, 통기관, 우수배관 연결부분이 틈새, 파손, 변위 등 확인
C68: - 육안점검이 어려운 부위가 막힌 경우 내시경카메라를 사용하여 조사함
A69: 점검 기준 | C69: - 파손, 변형, 막힌 부분이 없을 것
C70: - 누수나 악취가 발생한 부분이 없을 것
A72: 현황 사진 | I72: 적합 | Q72: 미흡사항
A73: 사진 | I73: 사진 | Q73: 사진
I81: 사유 : | K81: 파손, 변형, 막힘이 없고 누수나 악취가 없으므로 적합함 | Q81: 사유 :
A90: ③ 오·배수 및 우수 펌프 동작 상태
A92: 구 분 | C92: 점검내용
A93: 점검 방법 | C93: - 자동제어 또는 현장제어 판넬 육안 점검
A95: 점검 기준 | C95: - 자동센서 및 수위조절기에 의하여 자동으로 기동/정지되는가 | Z95: · 자동 모드로 기동/정지 되 지 않는 경우 | AE95: · 펌프 또는 제어시스템 보수
A98: 현황 사진 | I98: 적합 | Q98: 미흡사항
A99: 사진 | I99: 사진 | Q99: 사진
I107: 사유 : | K107: 자동모드로 기동/정지되므로 적합함 | Q107: 사유 :
A111: ④ 경보장치 상태
A113: 구 분 | C113: 점검내용
A114: 점검 방법 | C114: - 자동제어(중앙감시반) 또는 현장제어판넬에서 계기류 점검
A116: 점검 기준 | C116: - 계기류 지시값이 정상 범위 내에 있는가 | Z116: · 계기류 지시값이 정상 범위 가 아닌 경우 | AE116: · 계기류 보수
C117: - 경보수위를 자동으로 감지하여 경보음이 울리는가
Z118: · 경보가 작동되지 않는 경우 | AE118: · 오작동 부위 보수
A119: 현황 사진 | I119: 적합 | Q119: 미흡사항
A120: 사진 | I120: 사진 | Q120: 사진
I128: 사유 : | K128: 경보수위를 자동으로 감지하여 정상 작동되므로 적합함 | Q128: 사유 :
A138: ⑤ 오·배수 및 우수 탱크 수위센서 정상 동작 상태
A140: 구 분 | C140: 점검내용
A141: 점검 방법 | C141: - 수위센서 지시값 확인
A143: 점검 기준 | C143: - 지시값이 정상적으로 표시되는가 | Z143: · 수위센서가 고장, 파손된 경우 | AE143: · 수위센서 보수 또는 교체
Z145: · 지시값이 정상범위가 아닌 경우 | AE145: · 제어판넬 보수
A146: 현황 사진 | I146: 적합 | Q146: 미흡사항
A147: 사진 | I147: 사진 | Q147: 사진
I155: 사유 : | K155: 수위센서가 정상으로 작동되고 적합함 | Q155: 사유 :
B184: 오·배수설비 성능점검 기록표
B186: 구 분 | H186: 펌프 외관상태 및 동작확인 | V186: 결 과
H187: 정상:O , 불량:X , 해당없음: /
B188: 설비번호 | E188: 설치위치 | H188: 외관점검 (파손,변형,악취) | L188: 작동시험 | O188: 경보장치 확인 | R188: 자동제어확인 (수위센서동작)
B189: 수중펌프 #1 | E189: B7F 기계실(좌) | H189: O | L189: O | O189: O | R189: O | V189: O
B190: 수중펌프 #2 | E190: B7F 기계실(우) | H190: O | L190: O | O190: O | R190: O | V190: O
B191: 수중펌프 #3 | E191: B7F 오수실 | H191: O | L191: O | O191: O | R191: O | V191: O
B192: 수중펌프 #4 | E192: 101동 B7F | H192: O | L192: O | O192: O | R192: O | V192: O
B193: 수중펌프 #5 | E193: 102동 B7F | H193: O | L193: O | O193: O | R193: O | V193: O
B194: 수중펌프 #6 | E194: 103동 B7F | H194: O | L194: O | O194: O | R194: O | V194: O
B202: 최종결과 및 분석의견 | E202: 펌프 외관 및 작동 상태 양호하며, 고수위 도달 시 경보 작동하므로 적합합니다.

Sheet 오수정화
A2: 오수정화설비 성능점검표 | R2: 설비번호 | U2: 오수정화설비
R3: 용 도 | U3: 오수정화조
A4: 점검자 | C4: ='정보입력-Rev.2'!$C$9 -> 홍길동 | I4: 점검일자 | L4: ='정보입력-Rev.2'!$C$5&"."&'정보입력-Rev.2'!$E$5&"."&'정보입력-Rev.2'!$G$5&" ~ "&'정보입력-Rev.2'!$J$5&"."&'정보입력-Rev.2'!$L$5&"."&'정보입력-Rev.2'!$N$5 -> 2026.9.2 ~ 2026.9.2 | R4: 설치위치(No.) | U4: 오수정화조실
A6: 구 분 | C6: 점검내용 | V6: 점검결과
A7: 점검 항목 | C7: ① 유지관리 점검표 확인 | V7: ○
C8: ② 컨트롤 판넬, 수위제어, 계기류 상태 | V8: ○
C9: ③ 처리시스템의 정상운전 상태 | V9: ○
C10: ④ 경보장치 상태 | V10: ○
A11: 조치 사항 | C11: < 미흡사항 >
C14: < 조치필요사항 >
A17: 현장 사진
A35: 비 고
A37: 작 성 방 법
A38: 1. 유지관리지침서 및 기계설비 유지관리 및 성능점검 대상 현황표와의 적합여부를 참고하여 점검결과를 작성한다.
A39: 2. 점검결과에는 [적합 ○, 조치필요 ×, 해당없음 /]을 표기한다.
A40: 3. 현황사진에는 영 별표 7 제3호의 장비를 사용한 측정사진 및 측정데이터를 포함하여 첨부한다.
A43: ① 유지관리 점검표 확인
A45: 구 분 | C45: 점검내용
A46: 점검 기준 | C46: - 해당 기계설비의 유지관리 점검표가 있는가 | Z46: · 유지관리 점검표 미작성, 내용 미비 | AE46: · 향후 유지관리 점검 표 작성 권고
C47: - 기계설비 유지관리기준 별지 제2호서식에 따라 적정하게 작성되었는가
C48: - 반기별 1회 이상 작성되었는가
Z49: · 구비서류 미비(준공도서, 운용 매뉴얼 등) | AE49: · 작성 내용 보완
A50: 현황 사진 | I50: 적합 | Q50: 미흡사항 | AE50: · 미비 서류 보완
A51: 사진 | I51: 사진 | Q51: 사진
I59: 사유 : | K59: 기계설비유지관리 기준에 따라 반기별 1회 적정하게 작성되어 적합함 | Q59: 사유 : | Z59: · 기계설비 유지관리기준 별지 제2호서식에 따라 유지관리 점검표를 반기별 1회이상 작성, 보유하고 있으므로 적합함
A63: ② 컨트롤 판넬, 수위제어, 계기류 상태
A65: 구 분 | C65: 점검내용
A66: 점검 방법 | C66: - 컨트롤 판넬 육안점검 | Z66: · 수위센서가 고장, 파손된 경우 | AE66: · 수위센서 보수 또는 교체
C67: - 수위제어가 정상적으로 제어 되는지 확인
A68: 점검 기준 | C68: - 작동 불가능한 제어 장치, 계기류가 없을 것 | Z68: · 지시값이 정상범위가 아닌 경우 | AE68: · 제조사 보수
C69: - 정상적으로 수위가 제어되는가
A71: 현황 사진 | I71: 적합 | Q71: 미흡사항
A72: 사진 | I72: 사진 | Q72: 사진
I80: 사유 : | K80: 판넬, 계기류가 이상 없고 수위가 정상으로 제어되므로 적합함 | Q80: 사유 :
A88: ③ 처리시스템의 정상운전 상태
A90: 구 분 | C90: 점검내용
A91: 점검 방법 | C91: - 컨트롤 판넬 또는 자동제어(중앙감시반) 육안 점검
A93: 점검 기준 | C93: - 장비, 시스템이 꺼져있거나 오작동 되는 부분이 없을 것 | Z93: · 오작동하는 경우 | AE93: · 제조사 보수
A96: 현황 사진 | I96: 적합 | Q96: 미흡사항
A97: 사진 | I97: 사진 | Q97: 사진
I105: 사유 : | K105: 장비, 시스템이 정상 운전되고 있으므로 적합함 | Q105: 사유 :
A109: ④ 경보장치
A111: 구 분 | C111: 점검내용
A112: 점검 방법 | C112: - 경보장치 제어 판넬 육안점검
A114: 점검 기준 | C114: - 해당항목을 조작하여 경보장치가 정상적으로 작동하는지 확인 | Z114: · 경보장치의 오작동 또는 미 작동하는 경우 | AE114: · 제조사 보수
A117: 현황 사진 | I117: 적합 | Q117: 미흡사항
A118: 사진 | I118: 사진 | Q118: 사진
I126: 사유 : | K126: 경보장치가 정상으로 작동되므로 적합함 | Q126: 사유 :

Sheet 물재이용
A2: 물 재이용설비 성능점검표 | R2: 설비번호 | U2: 물재이용설비
R3: 용 도 | U3: 우수재이용
A4: 점검자 | C4: ='정보입력-Rev.2'!$C$9 -> 홍길동 | I4: 점검일자 | L4: ='정보입력-Rev.2'!$C$5&"."&'정보입력-Rev.2'!$E$5&"."&'정보입력-Rev.2'!$G$5&" ~ "&'정보입력-Rev.2'!$J$5&"."&'정보입력-Rev.2'!$L$5&"."&'정보입력-Rev.2'!$N$5 -> 2026.9.2 ~ 2026.9.2 | R4: 설치위치(No.) | U4: 물 재이용 설비실
A6: 구 분 | C6: 점검내용 | V6: 점검결과
A7: 점검 항목 | C7: ① 유지관리 점검표 확인 | V7: ○
C8: ② 노후 및 부식 상태 | V8: ○
C9: ③ 자동센서 동작 상태 | V9: ○
C10: ④ 경보장치(수위조절, 수위경보 등) 상태 | V10: ○
C11: ⑤ 처리량 및 필터 상태 | V11: ○
C12: ⑥ 중수도 수질검사(시험성적서 확인) | V12: ○
A13: 조치 사항 | C13: < 미흡사항 >
C16: < 조치필요사항 >
A19: 현장 사진
A35: 비 고
A37: 작 성 방 법
A38: 1. 유지관리지침서 및 기계설비 유지관리 및 성능점검 대상 현황표와의 적합여부를 참고하여 점검결과를 작성한다.
A39: 2. 점검결과에는 [적합 ○, 조치필요 ×, 해당없음 /]을 표기한다.
A40: 3. 현황사진에는 영 별표 7 제3호의 장비를 사용한 측정사진 및 측정데이터를 포함하여 첨부한다.
A44: ① 유지관리 점검표 확인
A46: 구 분 | C46: 점검내용
A47: 점검 기준 | C47: - 해당 기계설비의 유지관리 점검표가 있는가
C48: - 기계설비 유지관리기준 별지 제2호서식에 따라 적정하게 작성되었는가
C49: - 반기별 1회 이상 작성되었는가
A51: 현황 사진 | I51: 적합 | Q51: 미흡사항
A52: 유지관리 점검표 사진 | I52: 사진 | Q52: 사진 | Z52: · 유지관리 점검표 미작성, 내용 미비 | AE52: · 향후 유지관리 점검표 작성 권고
AE53: · 작성 내용 보완
Z55: · 구비서류 미비(준공도서, 운용 매뉴얼 등) | AE55: · 미비 서류 보완
I60: 사유 : | K60: 기계설비유지관리 기준에 따라 반기별 1회 적정하게 작성되어 적합함 | Q60: 사유 : | Z60: · 기계설비 유지관리기준 별지 제2호서식에 따라 유지관리 점검표를 반기별 1회이상 작성, 보유하고 있으므로 적합함
A64: ② 노후 및 부식상태
A66: 구 분 | C66: 점검내용
A67: 점검 방법 | C67: - 침수설비, 저장조 , 부속장치 등 육안점검
A69: 점검 기준 | C69: - 외부 균열이나 부식 흔적이 없을 것 | Z69: · 육안점검 시 성능에 문제가 될 정도의 노후 및 부식이 발생한 경우 | AE69: · 상태에 따라 부분 보수, 전 체 보수, 교체
A72: 현황 사진 | I72: 적합 | Q72: 미흡사항
A73: 사진 | I73: 사진 | Q73: 사진
I81: 사유 : | K81: 외부균열이나 부식 흔적이 없으므로 적합함 | Q81: 사유 :
A92: ③ 자동센서 동작 상태
A94: 구 분 | C94: 점검내용
A95: 점검 방법 | C95: - 자동제어(중앙감시반) 또는 현장제어판넬에서 계기류 점검
A97: 점검 기준 | C97: - 제어기기, 계기류가 정상적으로 작동하는가 | Z97: · 제어기기, 계기류가 정상 작동하지 않는 경우 | AE97: · 제조사 보수
A100: 현황 사진 | I100: 적합 | Q100: 미흡사항
A101: 사진 | I101: 사진 | Q101: 사진
I109: 사유 : | K109: 제어기기, 계기류가 정상 작동되므로 적합함 | Q109: 사유 :
A113: ④ 경보장치(수위조절, 수위경보 등) 상태
A115: 구 분 | C115: 점검내용
A116: 점검 방법 | C116: - 자동제어(중앙감시반) 또는 현장제어판넬에서 계기류 점검 | Z116: · 수위 조절이 자동으로 안되 는 경우 · 수위경보가 발생되지 않는 경우 | AE116: · 제조사 보수
A118: 점검 기준 | C118: - 계기류 지시값이 정상 범위 내에 있을 것 | AE118: · 제조사 보수
C119: - 수위조절 및 수위경보는 정상적으로 작동되는가
A121: 현황 사진 | I121: 적합 | Q121: 미흡사항
A122: 사진 | I122: 사진 | Q122: 사진
I130: 사유 : | K130: 수위조절, 수위경보가 정상적으로 작동되므로 적합함 | Q130: 사유 :
A140: ⑤ 처리량 및 필터 상태
A142: 구 분 | C142: 점검내용
A143: 점검 방법 | C143: - 여과기, 필터 등 육안점검 | Z143: · 여과기나 필터 막힌 경우 | AE143: · 여과기, 필터 청소 또는 교체
A145: 점검 기준 | C145: - 여과기나 필터가 막혀있지 않을 것
A148: 현황 사진 | I148: 적합 | Q148: 미흡사항
A149: 사진 | I149: 사진 | Q149: 사진
I157: 사유 : | K157: 여과기 및 필터가 막히지 않으므로 적합함 | Q157: 사유 :
A161: ⑥ 중수도 수질검사(수질검사서 확인)
A163: 구 분 | C163: 점검내용
A164: 점검 방법 | C164: - 관리주체의 기준치에 적합한 수질검사서 보유 여부 확인(분기별 1회) | Z164: · 수질검사서 미보유 · 기준치 초과 | AE164: · 수질검사
AE165: · 수질검사
A167: 현황 사진 | I167: 적합 | Q167: 미흡사항
A168: 사진 | I168: 사진 | Q168: 사진
I176: 사유 : | K176: 수질이 기준치에 적합한 수질검사서를 보유하고 있으므로 적합함 | Q176: 사유 :

Sheet 물재이용-중수도 수질기준
A1: ⑥ 중수도 수질기준
A3: 구 분 | C3: 점검 기준 근거
A4: 관련 법규 | C4: - 물의 재이용 촉진 및 지원에 관한 법률 제9조(중수도의 설치·관리) ① 다음 각 호의 어느 하나에 해당하는 시설물을 신축(대통령령으로 정하는 규모 이상으로 증축·개축 또는 재촉하는 경우를 포함한다. 이하 이 조에서 같다)하거나 개발사업을 시행하려는 자는 환경부령으로 정하는 바에 따라 단독 또는 공동으로 물 사용량의 10% 이상을 재이용할 수 있도록 중수도를 설치·운영하여야 하며, 중수도의 설치 결과를 특별자치시장·특별자치도지사·시장·군수·구청장에게 신고하여야 한다. 다만, 물사용량의 10% 이상을 하·폐수처리수 재처리수로 공급받거나 빗물을 이용하는 자의 경우에는 그러하지 아니한다. <개정 2013,816, 2015,3,27> 1. 『공중위생관리법』 제2조제1항제2호에 따른 숙박업 또는 같은 항 제3호에 따른 목욕장업에 사용되는 시설로서 건축 연면적이 6만제곱미터 이상인 시설물 2. 『산업집적활성화 및 공장설립에 관한 법률』 제2조제1호에 따른 공장으로서 1일 폐수배출량이 1천500㎥ 이상인 시설물 2의2. 『건축법』 제2조제2항제25호에 따른 발전시설로서 1일 폐수배출량이 1천500㎥ 이상인 시설물 3. 『관광진흥법』 제2조제7호에 따른 관광단지의 개발사업 4. 『도시개발법』 제2조제1항제2호에 따른 도시개발사업 5. 『산업입지 및 개발에 관한 법류』 제2조제6호에 따른 산업단지개발사업 6. 『택지개발촉진법』에 따른 택지개발사업 7. 그 밖에 대통령령으로 정하는 종류 및 규모 이상의 시설물 또는 개발사업 ② 제1항에도 불구하고 같은 항 제3호부터 제7호까지의 개발사업은 다음 각 호의 어느 하나에 해당하는 자가 시행하는 경우에만 적용한다. 1. 국가 또는 지방자치단체 2. 『공공기관의 운영에 관한 법률』 제5조에 따른 공기업 3. 『지방공기업법』 제3조에 따른 지방공기업 ⑥ 중소도의 소유자 또는 관리자는 환경부령으로 정하는 바에 따라 중수도의 안정성 및 수질 등을 분기별로 검사하고, 그 결과를 특별자치시장·특별자치도지사·시장·군수·구청장에게 통보하여야 한다.
C34: · 물의 재이용 촉진 및 지원에 관한 법률 시행규칙 제9조(중수도의 안정성 및 수질검사 등) ① 중수도의 소유자 또는 관리자는 법 제9조제6항에 다라 중소도의 수질검사를 하는 경우에는 다음 각 호의 자에게 수질검사를 하게 하여야 한다. 1. 『환경분야 시험·검사 등에 관한 법률』 제16조에 따른 측정대행업자 2. 특별시·광역시·도 및 특별자치도의 보건환경연구원장 3. 유역환경청장 또는 지방환경청장 ② 중수도의 소유자 및 관리자는 법 제9조제6항에 따라 중수도의 수질검사 결과를 통보하는 때에는 별지 제5호서식에 따른 수질검사 결과통보서에 제1항에 따른 수질검사서를 첨부하여야 한다.
A49: 구 분 | C49: 점검 기준 근거
A50: 중수도 용도별 수질 기준 | C50: - [별표1] 중수도의 용도별 수질기준(물재이용법 시행규칙 제8조제2항 관련)
C51: 구 분 | G51: 도시 재이용수 | J51: 조경용수 | M51: 친수용수 | P51: 하천 유지용수 | S51: 조경용수 | V51: 조경용수
C52: 총 대장균 군수 (개/100mℓ) | G52: 불검출 | J52: 200 이하 | M52: 불검출 | P52: 1000 이하 | S52: 200 이하 | V52: 200 이하
C55: 결합 잔류 염소 (mg/L) | G55: 0.2 이상 | J55: - | M55: 0.1 이상 | P55: - | S55: - | V55: -
C57: 탁도 (NTU) | G57: 2 이하 | J57: 2 이하 | M57: 2 이하 | P57: - | S57: - | V57: 10 이하
C58: 부유 물질(SS) (mg/L) | G58: - | J58: - | M58: - | P58: 6 이하 | S58: 6 이하 | V58: -
C60: 생물화학적 산소요구량 (BOD)(mg/L) | G60: 5 | J60: 5 | M60: 3 | P60: 5 | S60: 5 | V60: 6
C63: 냄새 | G63: 불쾌하지 않을 것 | J63: 불쾌하지 않을 것 | M63: 불쾌하지 않을 것 | P63: 불쾌하지 않을 것 | S63: 불쾌하지 않을 것 | V63: 불쾌하지 않을 것
C64: 색도(소) | G64: 20 이하 | J64: - | M64: 10 이하 | P64: 20 이하 | S64: - | V64: -
C65: 총질소 (T-N) (mg/L) | G65: - | J65: - | M65: 10 이하 | P65: 10 이하 | S65: 10 이하 | V65: -
C67: 총인 (T-P) (mg/L) | G67: - | J67: - | M67: 0.5 이하 | P67: 0.5 이하 | S67: 0.5 이하 | V67: -
C69: 수소 이온 농도 (pH) | G69: 5.8 ~ 8.5 | J69: 5.8 ~ 8.5 | M69: 5.8 ~ 8.5 | P69: 5.8 ~ 8.5 | S69: 5.8 ~ 8.5 | V69: 5.8 ~ 8.5
C71: 염화물 (mgCI/L) | G71: - | J71: 250 이하 | M71: - | P71: - | S71: 250 이하 | V71: -
C73: 비고 1. 항목별 수질검사 방법은 다음과 같다. 가. 총대장균군수, 부유물질(SS), 생물화학적산소요구량(BOD), 색도, 총질소(T-N) 수도이온농도(pH), 염화물은 『환경분야 시험·검사 등에 관한 법률』 제6조제1항 제5호에 따른 수질오염물질 공정시험기준에 따라 검사해야 한다. 다만, 총대장균 군수는 최적확수(最適確數) 시험법 또는 막여과 시험법으로 하고, 부유물질(SS) 은 유리섬유 거름종이법으로 해야한다. 나. 결합잔류염소, 탁도, 냄새는 『환경분야 시험·검사 등에 관한 법률』 제6조제1항 제6호에 따른 먹는물 공정시험 기준에 따라 검사해야 한다 2. 공업용수의 수질기준은 산업용수로 사용하는 경웨 적용하며, 다회순환냉각수, 공정수(工程水), 보일러용수 등은 수요처와 협의하여 수질을 정할 수 있다.

Sheet 배관
A2: 배관설비 성능점검표 | R2: 설비번호 | U2: 배관설비
R3: 용 도 | U3: 각종 배관
A4: 점검자 | C4: ='정보입력-Rev.2'!$C$9 -> 홍길동 | I4: 점검일자 | L4: ='정보입력-Rev.2'!$C$5&"."&'정보입력-Rev.2'!$E$5&"."&'정보입력-Rev.2'!$G$5&" ~ "&'정보입력-Rev.2'!$J$5&"."&'정보입력-Rev.2'!$L$5&"."&'정보입력-Rev.2'!$N$5 -> 2026.9.2 ~ 2026.9.2 | R4: 설치위치(No.) | U4: 기계실 등
A6: 구 분 | C6: 점검내용 | V6: 점검결과
A7: 점검 항목 | C7: ① 유지관리 점검표 확인 | V7: ○
C8: ② 신축이음 상태(10개소 내외) | V8: ○
C9: ③ 경과연수에 따른 노후 및 부식 상태(5개소 내외) | V9: ○
C10: ④ 배관의 고정, 지지 상태(10개소 내외) | V10: ○
A11: 조치 사항 | C11: < 미흡사항 >
C14: < 조치필요사항 >
A17: 현장 사진
A35: 비 고
A37: 작 성 방 법
A38: 1. 유지관리지침서 및 기계설비 유지관리 및 성능점검 대상 현황표와의 적합여부를 참고하여 점검결과를 작성한다.
A39: 2. 점검결과에는 [적합 ○, 조치필요 ×, 해당없음 /]을 표기한다.
A40: 3. 현황사진에는 영 별표 7 제3호의 장비를 사용한 측정사진 및 측정데이터를 포함하여 첨부한다.
A44: ① 유지관리 점검표 확인
A46: 구 분 | C46: 점검내용
A47: 점검 기준 | C47: - 해당 기계설비의 유지관리 점검표가 있는가 | Z47: · 유지관리 점검표 미작성, 내용 미비 | AE47: · 향후 유지관리 점검표 작성권고 · 작성 내용 보완
C48: - 기계설비 유지관리기준 별지 제2호서식에 따라 적정하게 작성되었는가
C49: - 반기별 1회 이상 작성되었는가
Z50: · 구비서류 미비(준공도서, 운용 매뉴얼 등) | AE50: · 미비 서류 보완
A51: 현황 사진 | I51: 적합 | Q51: 미흡사항
A52: 유지관리 점검표 사진 | I52: 사진 | Q52: 사진
I60: 사유 : | K60: 기계설비유지관리 기준에 따라 반기별 1회 적정하게 작성되어 적합함 | Q60: 사유 : | Z60: · 기계설비 유지관리기준 별지 제2호서식에 따라 유지관리 점검표를 반기별 1회이상 작성, 보유하고 있으므로 적합함
A64: ② 신축이음 상태(10개소 내외)
A66: 구 분 | C66: 점검내용
A67: 점검 방법 | C67: - 배관 신축이음 부분 육안 점검 및 신축변위량 측정(10개소 내외) | Z67: · 이음 부위에 누수, 또는 녹 이 발생한 경우 · 신축변위의 여유량이 없음 | AE67: · 보수 또는 교체
A69: 점검 기준 | C69: - 이음 부위에 누수, 녹, 파손이 없을 것 | AE69: · 보수 또는 교체
C70: - 신축변위량을 측정하여 신축변위의 여유량 유무 확인
A72: 현황 사진 | I72: 적합 | Q72: 미흡사항
A73: 사진 | I73: 사진 | Q73: 사진
I81: 사유 : | K81: 이음 부위에 누수, 파손이 없고 신축 변위량에 여유가 있으므로 적합함 | Q81: 사유 :
B93: 측정 기록표
B95: 측정내용 | E95: 측정위치 | I95: 제품형식 (단식/복식) | L95: 측정값(mm) | O95: 변위여유량 여부 | R95: 제품변위량 | U95: 결과 | AC95: 신방향 | AD95: 축방향
B96: 신축이음 변위량 측정 | E96: 지하 PIT | I96: 복식 | L96: 16 | O96: 적합 | R96: 80mm | U96: 적합함 | Z96: 단식 변위여유량 | AC96: 10mm | AD96: 40mm
E97: 지하 PIT | I97: 복식 | L97: 35 | O97: 적합 | R97: 80mm | U97: 적합함 | Z97: 복식 변위여유량 | AC97: 20mm | AD97: 80mm
B106: 최종결과 및 분석의견 | E106: 신축이음 변위량 측정한 결과 제품변위량 내에 있으므로 적합함.
A135: ③ 경과연수에 따른 노후 및 부식 상태(5개소 내외)
A137: 구 분 | C137: 점검내용
A138: 점검 방법 | C138: - 배관 계통도를 참고하여 샘플 측정 포인트를 정함(5개소 내외) - 초음파 두께 측정기로 측정한 배관의 최소 측정두께와 공칭두께를 고려하여 연간 최대 부식 속도를 산정하고, 최소허용두께에 이르는 기간을 잔존수명으로 평가 최대침식속도 : : 최대침식도[mm/year] A : 공칭 두게[mm] B : 측정최소두께[mm] Y : 측정관 사용연수[year] 추정잔존수명 : N : 추정잔존수명[year] tm : 최소허용두게(공칭 두께의 40%=0.4A) ※ 출처 : 한국건설기술연구원, 에너지절약 건물 내 노후급수관의 상태 진단 및 평가를 위한 안전진단기술 개발, 2002 | Z138: · 최대 침식율이 40% 이상 인 경우 | AE138: · 보수 또는 교체
A157: 점검 기준 | C157: - 해당 배관의 추정 잔존 수명을 구한뒤 아래의 표에 따라 배관 상태를 판별, 최종 노후 조건으로 판별될 경우 미흡으로 판정
D160: 평가 | H160: 판정 | L160: 판정 | R160: 판정
D161: 정상 조건 | H161: 계속 사용 | L161: 10년 이상 | R161: 5% 미만
D162: 초기 노후조건 | H162: 보수 | L162: 7년 초과 10년 이하 | R162: 5% 초과 20% 미만
D163: 중간 노후조건 | H163: 보수 또는 교체 | L163: 3년 초과 7년 이하 | R163: 20% 이상 40% 미만
D164: 최종 노후조건 | H164: 교체 | L164: 3년 이하 | R164: 40% 이상
A167: 현황 사진 | I167: 적합 | Q167: 미흡사항
A168: 사진 | I168: 사진 | Q168: 사진
I176: 사유 : | K176: 배관 두께 측정 결과 모두 정상 조건이므로 적합함 | Q176: 사유 :
B185: 측정 기록표
B187: 측정내용 | E187: 측정위치 | K187: 측정값(mm) | O187: 추정 잔존수명 (연수) | T187: 결 과
B188: 초음파 두께 측정 | E188: 기계실-1 | H188: =B200 -> 냉각수 | K188: =K200 -> 5.46 | O188: 7~10 | T188: 적합
E189: 기계실-2 | H189: =B201 -> 냉수 | K189: =K201 -> 3.27 | O189: 10년 이상 | T189: 적합
E190: 기계실-3 | H190: =B202 -> 증기 | K190: =K202 -> 5.65 | O190: 7~10 | T190: 적합
E191: 기계실-4 | H191: =B203 -> 난방 | K191: =K203 -> 4.05 | O191: 10년 이상 | T191: 적합
E192: 기계실-5 | H192: =B204 -> 급탕 | K192: =K204 -> 3.27 | O192: 7~10 | T192: 적합
B193: 최종결과 및 분석의견 | E193: 배관 모두 정상조건 및 초기 노후조건이므로 적합
B198: 구분 | E198: 재질 | G198: 공칭치수 | I198: 공칭두께 | K198: 측정두께 | M198: 사용연수 | O198: 최대침식도 | R198: 최소허용두께 | T198: 추정잔존수명 | V198: 침식률
I199: A | K199: B | M199: Y | O199: Mer | R199: tm | T199: N
B200: 냉각수 | E200: SPP | G200: 200A | I200: 5.8 | K200: 5.46 | M200: 9 | O200: =ROUND((I200-K200)/M200,4) -> 0.0378 | R200: =ROUND(I200*0.4,2) -> 2.32 | T200: =(K200-R200)/O200 -> 83.068783 | V200: =1-K200/I200 -> 0.05862069
B201: 냉수 | E201: SUS | G201: 150A | I201: 3.3 | K201: 3.27 | M201: 9 | O201: =ROUND((I201-K201)/M201,4) -> 0.0033 | R201: =ROUND(I201*0.4,2) -> 1.32 | T201: =(K201-R201)/O201 -> 590.90909 | V201: =1-K201/I201 -> 0.0090909091
B202: 증기 | E202: STPG | G202: 65A | I202: 5.7 | K202: 5.65 | M202: 9 | O202: =ROUND((I202-K202)/M202,4) -> 0.0056 | R202: =ROUND(I202*0.4,2) -> 2.28 | T202: =(K202-R202)/O202 -> 601.78571 | V202: =1-K202/I202 -> 0.0087719298
B203: 난방 | E203: SUS | G203: 200A | I203: 4.3 | K203: 4.05 | M203: 9 | O203: =ROUND((I203-K203)/M203,4) -> 0.0278 | R203: =ROUND(I203*0.4,2) -> 1.72 | T203: =(K203-R203)/O203 -> 83.81295 | V203: =1-K203/I203 -> 0.058139535
B204: 급탕 | E204: SUS | G204: 65A | I204: 3.4 | K204: 3.27 | M204: 9 | O204: =ROUND((I204-K204)/M204,4) -> 0.0144 | R204: =ROUND(I204*0.4,2) -> 1.36 | T204: =(K204-R204)/O204 -> 132.63889 | V204: =1-K204/I204 -> 0.038235294
A225: ④ 배관의 고정, 지지 상태(10개소 내외)
A227: 구 분 | C227: 점검내용
A228: 점검 방법 | C228: - 배관 서포트 및 행거 육안 점검(10개소 내외) | Z228: · 배관 서포트 및 행거가 역할을 하지 못할 경우 (변 형, 부식, 녹 발생) | AE228: · 보수 또는 교체
A230: 점검 기준 | C230: - 볼트, 너트가 풀린 부분이 있는가
C231: - 서포트 중 변형된 부분이 있는가(휨, 비틀림)
A233: 현황 사진 | I233: 적합 | Q233: 미흡사항
A234: 사진 | I234: 사진 | Q234: 사진
I242: 사유 : 배관 서포트 및 헹거 육안 점검 결과 적합

Sheet 덕트
A2: 덕트설비 성능점검표 | R2: 설비번호 | U2: 덕트설비
R3: 용 도 | U3: 환기 덕트
A4: 점검자 | C4: ='정보입력-Rev.2'!$C$9 -> 홍길동 | I4: 점검일자 | L4: ='정보입력-Rev.2'!$C$5&"."&'정보입력-Rev.2'!$E$5&"."&'정보입력-Rev.2'!$G$5&" ~ "&'정보입력-Rev.2'!$J$5&"."&'정보입력-Rev.2'!$L$5&"."&'정보입력-Rev.2'!$N$5 -> 2026.9.2 ~ 2026.9.2 | R4: 설치위치(No.) | U4: 기계실 등
A6: 구 분 | C6: 점검내용 | V6: 점검결과
A7: 점검 항목 | C7: ① 유지관리 점검표 확인 | V7: ○
C8: ② 장비 운전 시 댐퍼(VD, VAV) 작동 상태(10개소 내외) | V8: ○
C9: ③ 취출구 등의 소음 및 진동 및 풍량 상태(10개소 내외) | V9: ○
A10: 조치 사항 | C10: < 미흡사항 >
C13: < 조치필요사항 >
A16: 현장 사진
A35: 비 고
A37: 작 성 방 법
A38: 1. 유지관리지침서 및 기계설비 유지관리 및 성능점검 대상 현황표와의 적합여부를 참고하여 점검결과를 작성한다.
A39: 2. 점검결과에는 [적합 ○, 조치필요 ×, 해당없음 /]을 표기한다.
A40: 3. 현황사진에는 영 별표 7 제3호의 장비를 사용한 측정사진 및 측정데이터를 포함하여 첨부한다.
A43: ① 유지관리 점검표 확인
A45: 구 분 | C45: 점검내용
A46: 점검 기준 | C46: - 해당 기계설비의 유지관리 점검표가 있는가 | Z46: · 유지관리 점검표 미작성, 내용 미비 | AE46: · 향후 유지관리 점검표 작성 권고 · 작성 내용 보완
C47: - 기계설비 유지관리기준 별지 제2호서식에 따라 적정하게 작성되었는가
C48: - 반기별 1회 이상 작성되었는가
Z49: · 구비서류 미비(준공도서, 운용 매뉴얼 등) | AE49: · 미비 서류 보완
A50: 현황 사진 | I50: 적합 | Q50: 미흡사항
A51: 유지관리 점검표 사진 | I51: 사진 | Q51: 사진
I59: 사유 : | K59: 기계설비유지관리 기준에 따라 반기별 1회 적정하게 작성되어 적합함 | Q59: 사유 : | Z59: · 기계설비 유지관리기준 별지 제2호서식에 따라 유지관리 점검표를 반기별 1회이상 작성, 보유하고 있으므로 적합함
A63: ② 장비 운전 시 댐퍼(VD, MVD) 작동상태(10개소 내외)
A65: 구 분 | C65: 점검내용
A66: 점검 방법 | C66: VD | E66: - VD 개폐 상태 확인 | Z66: · 고장으로 인한 미작동 | AE66: · 댐퍼 보수
C67: MVD | E67: - 장비 주변의 댐퍼 동작 확인 | Z67: · 시나리오대로 MVD 동작하 지 않는 경우 | AE67: · 자동제어 보수
C68: - 점검개소는 총 10개소 내외(VD, MVD)
A69: 점검 기준 | C69: VD | E69: - 댐퍼는 정상적으로 개방, 폐쇄되어 있는가 (상시개방, 상시폐쇄)
C70: MVD | E70: - 정상 동작하는가
A72: 현황 사진 | I72: 적합 | Q72: 미흡사항
A73: 사진 | I73: 사진 | Q73: 사진
I81: 사유 : | K81: 댐퍼가 개방, 폐쇄되어 있고 정상 작동하므로 적합함 | Q81: 사유 :
A90: ③ 취출구 등의 소음 및 진동 및 풍량 상태(10개소 내외)
A92: 구 분 | C92: 점검내용
A93: 점검 방법 | C93: - 유닛, 터미널에서 이상 소음 및 진동발생 여부 확인
C94: - 유닛, 터미널에서 풍량 측정
C95: - 점검개소는 총 10개소 내외(이상소음·진동·풍량 상태)
A96: 점검 기준 | C96: - 송풍시 이상 소음 및 이상 진동이 있는가 | Z96: · 이상 소음, 이상 진동이 발 생하는 경우 | AE96: · 유닛, 터미널 고정부위 보수
C97: - 유닛, 터미널의 풍량이 설계값의 ±10%이내인 경우
Z98: · 설계풍량의 ±10%를 초과 하는 경우 | AE98: · 댐퍼 개도량 조정
A99: 현황 사진 | I99: 적합 | Q99: 미흡사항
A100: 사진 | I100: 사진 | Q100: 사진
I108: 사유 : | K108: 송풍시 이상 소음, 진동이 없고 유닛의 풍량이 설계값의 10% 내외로 적합함 | Q108: 사유 :
A139: 덕트설비 측정 기록표
A141: 측정내용 | F141: 측정위치 | L141: 기준값(dB) | P141: 측정값(dB) | T141: 비고
A142: 소음측정 | F142: 3층 내용고형제공조실 | L142: 70 | P142: 78
F143: 주사제공조실 DC101 | L143: 70 | P143: 72
F144: 주사제공조실 AHU-G106 | L144: 70 | P144: 75
F145: 주사제공조실 AHU-G103 | L145: 70 | P145: 72
F146: 주사제공조실 AHU-G107 | L146: 70 | P146: 74
F147: 주사제공조실 SF-601 | L147: 70 | P147: 73
F148: 주사제공조실 AHU-G105 | L148: 70 | P148: 75
F149: 내용고형제공조실 SF-G202A | L149: 70 | P149: 76
F150: 내용고형제공조실 EF-G213A | L150: 70 | P150: 76
F151: 내용고형제공조실 EF-G220 | L151: 70 | P151: 76
A153: 측정내용 | F153: 측정위치 | L153: 설계값(CMH) | P153: 측정값(CMH) | T153: 판정,설계풍량의 ±10% 초과경우 | AB153: 설계값
A154: 풍량측정 | F154: 3층 공조실 배기EF-G220 | L154: 4000 | P154: 4115 | T154: =P154/L154-1 -> 0.02875 | AB154: 66.7 | AC154: CMM | AD154: =AB154*60 -> 4002 | AE154: CMH
F155: 주사제공조실 SF-G101 | L155: 15000 | P155: 11115 | T155: =P155/L155-1 -> -0.259 | AB155: 250 | AC155: CMM | AD155: =AB155*60 -> 15000 | AE155: CMH
F156: 주사제공조실 EF-G107 | L156: 4400 | P156: 4340 | T156: =P156/L156-1 -> -0.013636364 | AB156: 73.4 | AC156: CMM | AD156: =AB156*60 -> 4404 | AE156: CMH
F157: 주사제공조실 EF-G109 | L157: 2000 | P157: 1986 | T157: =P157/L157-1 -> -0.007 | AB157: 33.4 | AC157: CMM | AD157: =AB157*60 -> 2004 | AE157: CMH
F158: 주사제공조실 EF-G108 | L158: 15000 | P158: 16429 | T158: =P158/L158-1 -> 0.095266667 | AB158: 250 | AC158: CMM | AD158: =AB158*60 -> 15000 | AE158: CMH
F159: 내용고형제공조실EF-G213A | L159: 22000 | P159: 22858 | T159: =P159/L159-1 -> 0.039 | AB159: 366.7 | AC159: CMM | AD159: =AB159*60 -> 22002 | AE159: CMH
F160: 내용고형제공조실SF-G220 | L160: 4000 | P160: 3239 | T160: =P160/L160-1 -> -0.19025 | AB160: 66.7 | AC160: CMM | AD160: =AB160*60 -> 4002 | AE160: CMH
F161: 내용고형제공조실SF-G202A | L161: 21300 | P161: 21361 | T161: =P161/L161-1 -> 0.0028638498 | AB161: 355.7 | AC161: CMM | AD161: =AB161*60 -> 21342 | AE161: CMH
A164: 최종결과 및 분석의견 | F164: 소음 경우 <실내허용소음기준(KCS 31 50 10 05(1.1) 표 1.1-1>에 따라 측정값 비교한 결과 기준값을 다소 초과하는 부분이 있으나 상시 운전소음 수준이며 성능유지 또는 운영상 문제가 없어 적합함. 풍량 측정값은 설계값 대비 차이가 다소 발생하는 부분 있으나, 점검 시점까지 문제없이 사용해 왔고 성능유지 또는 운영상 문제가 없어 적합함. | Z164: 소음 경우 <실내허용소음기준(KCS 31 50 10 05(1.1) 표 1.1-1>에 따라 측정값 비교한 결과 측정 소음값이 기준값 소음 이내이므로 적합함. 풍량 측정값이 정격 풍량의 10% 내외로 적합함.
B185: 소음 측정 | D185: =F142 -> 3층 내용고형제공조실 | H185: =F143 -> 주사제공조실 DC101 | L185: =F144 -> 주사제공조실 AHU-G106 | P185: =F145 -> 주사제공조실 AHU-G103 | T185: =F146 -> 주사제공조실 AHU-G107
D190: =F147 -> 주사제공조실 SF-601 | H190: =F148 -> 주사제공조실 AHU-G105 | L190: =F149 -> 내용고형제공조실 SF-G202A | P190: =F150 -> 내용고형제공조실 EF-G213A | T190: =F151 -> 내용고형제공조실 EF-G220
B196: 풍량 측정 | D196: =F154 -> 3층 공조실 배기EF-G220 | H196: =F155 -> 주사제공조실 SF-G101 | L196: =F156 -> 주사제공조실 EF-G107 | P196: =F157 -> 주사제공조실 EF-G109 | T196: =F158 -> 주사제공조실 EF-G108
D201: =F159 -> 내용고형제공조실EF-G213A | H201: =F160 -> 내용고형제공조실SF-G220 | L201: =F161 -> 내용고형제공조실SF-G202A | P201: =F162 -> 0 | T201: =F163 -> 0

Sheet 보온
A2: 보온설비 성능점검표 | R2: 설비번호 | U2: 보온설비
R3: 용 도 | U3: 배관 보온
A4: 점검자 | C4: ='정보입력-Rev.2'!$C$9 -> 홍길동 | I4: 점검일자 | L4: ='정보입력-Rev.2'!$C$5&"."&'정보입력-Rev.2'!$E$5&"."&'정보입력-Rev.2'!$G$5&" ~ "&'정보입력-Rev.2'!$J$5&"."&'정보입력-Rev.2'!$L$5&"."&'정보입력-Rev.2'!$N$5 -> 2026.9.2 ~ 2026.9.2 | R4: 설치위치(No.) | U4: 기계실 등
A6: 구 분 | C6: 점검내용 | V6: 점검결과
A7: 점검 항목 | C7: ① 유지관리 점검표 확인 | V7: ○
C8: ② 열선 운전 시 온도에 의한 제어 상태(10개소 내외) | V8: ○
C9: ③ 전열선 파손 및 절연 상태(10개소 내외) | V9: ○
C10: ④ 장비, 배관, 덕트 단열 상태(10개소 내외) | V10: ○
C11: ⑤ 냉난방 보온재 표면온도(열누출) 상태(10개소 내외) | V11: ○
A12: 조치 사항 | C12: < 미흡사항 >
C15: < 조치필요사항 >
A18: 현장 사진
A37: 비 고
A39: 작 성 방 법
A40: 1. 유지관리지침서 및 기계설비 유지관리 및 성능점검 대상 현황표와의 적합여부를 참고하여 점검결과를 작성한다.
A41: 2. 점검결과에는 [적합 ○, 조치필요 ×, 해당없음 /]을 표기한다.
A42: 3. 현황사진에는 영 별표 7 제3호의 장비를 사용한 측정사진 및 측정데이터를 포함하여 첨부한다.
A45: ① 유지관리 점검표 확인
A47: 구 분 | C47: 점검내용
A48: 점검 기준 | C48: - 해당 기계설비의 유지관리 점검표가 있는가 | Z48: · 유지관리 점검표 미작성, 내용 미비 | AE48: · 향후 유지관리 점검표 작성 권고 · 작성 내용 보완
C49: - 기계설비 유지관리기준 별지 제2호서식에 따라 적정하게 작성되었는가
C50: - 반기별 1회 이상 작성되었는가
Z51: · 구비서류 미비(준공도서, 운용 매뉴얼 등) | AE51: · 미비 서류 보완
A52: 현황 사진 | I52: 적합 | Q52: 미흡사항
A53: 유지관리 점검표 사진 | I53: 사진 | Q53: 사진
I61: 사유 : | K61: 기계설비유지관리 기준에 따라 반기별 1회 적정하게 작성되어 적합함 | Q61: 사유 : | Z61: · 기계설비 유지관리기준 별지 제2호서식에 따라 유지관리 점검표를 반기별 1회이상 작성, 보유하고 있으므로 적합함
A65: ② 열선 운전 시 온도에 의한 제어 상태(10개소 내외)
A67: 구 분 | C67: 점검내용
A68: 점검 방법 | C68: - 열선용 분전반에서 유지하고자 하는 목표온도(SV표시값)를 현재주위온도(PV표시값)보 다 낮게 설정값을 변경하여 히터의 동작표시램프가 ON상태로 전환되는지 확인 (온도조절기가 없거나 하절기로 인해 동작 확인이 불가능한 경우 유지관리점검표에서 작동 상태 기록 확인)(10개소 내외)
A72: 점검 기준 | C72: - 히터 동작표시램프의 ON/OFF가 SV표시값과 PV표시값에 의하여 정상 작동할 경우 | Z72: · 설정 온도 도달시 열선 동 작하지 않는 경우 · 온도조절기 고장으로 열선 이 과열되는 경우 | AE72: · 제어 판넬 보수
AE74: · 제어 판넬 보수
A75: 현황 사진 | I75: 적합 | Q75: 미흡사항
A76: 사진 | I76: 사진 | Q76: 사진
I84: 사유 : | K84: 열선 운전시 온도에 의해 히터 동작 램프가 ON/OFF 되며 정상 작동하므로 적합함 | Q84: 사유 :
A94: ③ 전열선 파손 및 전열 상태(10개소 내외)
A96: 구 분 | C96: 점검내용
A97: 점검 방법 | C97: - 전원을 차단한 상태에서 전열선의 절연저항 측정(10개소 내외)
A99: 점검 기준 | C99: - DC 500V 인가하였을 때 20MΩ 이상일 것 | Z99: · DC 500V 인가하였을 때, 20MΩ 미만인 경우 | AE99: · 절연선 교체
A102: 현황 사진 | I102: 적합 | Q102: 미흡사항
A103: 사진 | I103: 사진 | Q103: 사진
I111: 사유 : | K111: 절연저항 측정값이 20MΩ 이상으로 적합함 | Q111: 사유 :
A115: ④ 장비, 배관, 덕트 단열 상태(10개소 내외)
A117: 구 분 | C117: 점검내용
A118: 점검 방법 | C118: - 보온재 두께 확인(아들자 캘리퍼스, 바늘침) (10개소 내외)
A120: 점검 기준 | C120: - 보온재가 훼손되었거나 탈락된 부분이 있는가 | Z120: · 보온재 훼손 또는 탈락 | AE120: · 보온재 보수
C121: - 준공도서의 기준치와 보온재 두께 일치하는가
A123: 현황 사진 | I123: 적합 | Q123: 미흡사항
A124: 사진 | I124: 사진 | Q124: 사진
I132: 사유 : | K132: 보온재 두께가 기준치와 일치하고 훼손, 탈락된 곳이 없으므로 적합함 | Q132: 사유 :
A143: ⑤ 냉난방 보온재 표면온도(열누출) 상태(10개소 내외)
A145: 구 분 | C145: 점검내용
A146: 점검 방법 | C146: - 내부유체가 냉열일 경우 보온재 표면 결로 발생 여부 확인
C147: - 내부유체가 온열일 경우 보온재 표면온도 측정
C148: - 점검개소는 총 10개소 내외(표면결로 및 표면온도)
A149: 점검 기준 | C149: - 내부유체가 냉열일 경우 보온재 표면에 결로가 발생하지 않을 경우 | Z149: · 열누출 부위가 있는 경우 | AE149: · 보온재 보수
C150: - 열화상 카메라 측정 시 열누출 부위가 있는가? (보온재 표면온도가 40±4℃ 또는 내부유체의 온도보다 10℃ 이상 낮을 경우)
A153: 현황 사진 | I153: 적합 | Q153: 미흡사항
A154: 사진 | I154: 사진 | Q154: 사진
I162: 사유 : | K162: 열누출 부위가 없으므로 적합함 | Q162: 사유 :
A189: 단열 상태 측정 기록표
A191: 측정내용 | F191: 측정위치 | K191: 기준값(㏁) | P191: 측정값(㏁) | U191: 비고
A192: 동파방지열선 절연저항 | F192: 기계실-1 | K192: 20 | P192: 2000 | U192: DC 500V 인가시
F193: 기계실-2 | K193: 20 | P193: 1995
F194: 기계실-3 | K194: 20 | P194: 1958
F195: 기계실-4 | K195: 20 | P195: 2001
F196: 기계실-5 | K196: 20 | P196: 2003
F197: 기계실-6 | K197: 20 | P197: 1785
F198: 기계실-7 | K198: 20 | P198: 1669
F199: 기계실-8 | K199: 20 | P199: 1983
F200: 기계실-9 | K200: 20 | P200: 2002
F201: 기계실-10 | K201: 20 | P201: 1287
A203: 측정내용 | F203: 측정위치 | K203: 기준값(mm) | P203: 측정값(mm) | U203: 비고
A204: 보온재 두께 | F204: 기계실-1 | K204: 40 | P204: 40
F205: 기계실-2 | K205: 40 | P205: 40
F206: 기계실-3 | K206: 40 | P206: 40
F207: 기계실-4 | K207: 35 | P207: 35
F208: 기계실-5 | K208: 35 | P208: 35
F209: 기계실-6 | K209: 35 | P209: 35
F210: 기계실-7 | K210: 50 | P210: 50
F211: 기계실-8 | K211: 50 | P211: 50
F212: 기계실-9 | K212: 50 | P212: 50
F213: 기계실-10 | K213: 45 | P213: 45
A215: 측정내용 | F215: 측정위치 | K215: 표면온도(℃) | U215: 비고
A216: 보온재 표면온도 (열누출) 상태 | F216: 기계실-1 | K216: 19.7
F217: 기계실-2 | K217: 20.1
F218: 기계실-3 | K218: 20.3
F219: 기계실-4 | K219: 19.5
F220: 기계실-5 | K220: 19.8
F221: 기계실-6 | K221: 19.2
F222: 기계실-7 | K222: 19.5
F223: 기계실-8 | K223: 19.7
F224: 기계실-9 | K224: 19.6
F225: 기계실-10 | K225: 19.8
A226: 최종결과 및 분석의견 | F226: 보온재 두께 측정결과 기준값에 부합하고, 표면온도 측정결과 열누출이 없어 적합함.
B234: 절연 저항 측정 | D234: =F192 -> 기계실-1 | H234: =F193 -> 기계실-2 | L234: =F194 -> 기계실-3 | P234: =F195 -> 기계실-4 | T234: =F196 -> 기계실-5 | Z234: ※ 점검항목에 측정값 사진 첨부가 불가할 정도로 사진이 많을 경우 사용
D239: =F197 -> 기계실-6 | H239: =F198 -> 기계실-7 | L239: =F199 -> 기계실-8 | P239: =F200 -> 기계실-9 | T239: =F201 -> 기계실-10
B245: 보온재 두께 측정 | D245: =F204 -> 기계실-1 | H245: =F205 -> 기계실-2 | L245: =F206 -> 기계실-3 | P245: =F207 -> 기계실-4 | T245: =F208 -> 기계실-5
D250: =F209 -> 기계실-6 | H250: =F210 -> 기계실-7 | L250: =F211 -> 기계실-8 | P250: =F212 -> 기계실-9 | T250: =F213 -> 기계실-10
B256: 보온재 표면 온도 측정 | D256: =F216 -> 기계실-1 | H256: =F217 -> 기계실-2 | L256: =F218 -> 기계실-3 | P256: =F219 -> 기계실-4 | T256: =F220 -> 기계실-5
D261: =F221 -> 기계실-6 | H261: =F222 -> 기계실-7 | L261: =F223 -> 기계실-8 | P261: =F224 -> 기계실-9 | T261: =F225 -> 기계실-10

Sheet 자동제어
A2: 자동제어설비 성능점검표 | R2: 설비번호 | U2: 자동제어설비
R3: 용 도 | U3: 기계설비
A4: 점검자 | C4: ='정보입력-Rev.2'!$C$9 -> 홍길동 | I4: 점검일자 | L4: ='정보입력-Rev.2'!$C$5&"."&'정보입력-Rev.2'!$E$5&"."&'정보입력-Rev.2'!$G$5&" ~ "&'정보입력-Rev.2'!$J$5&"."&'정보입력-Rev.2'!$L$5&"."&'정보입력-Rev.2'!$N$5 -> 2026.9.2 ~ 2026.9.2 | R4: 설치위치(No.) | U4: 방재실
A6: 구 분 | C6: 점검내용 | V6: 점검결과
A7: 점검 항목 | C7: ① 유지관리 점검표 확인 | V7: ○
C8: ② 기록장치 등 상태 | V8: ○
C9: ③ 장비 및 시스템별 운전 적정 여부 | V9: ○
C10: ④ 방화벽(최신 백신 업데이트 상태) 동작 상태 | V10: ○
C11: ⑤ 경보관리, 데이터 조회, 수집 및 분석 | V11: ○
C12: ⑥ BEMS 운영상태 확인 | V12: ○
C13: ⑦ 원격검침시스템 운영상태 확인 | V13: ○
A14: 조치 사항 | C14: < 미흡사항 >
C17: < 조치필요사항 >
A20: 현장 사진
A35: 비 고
A37: 작 성 방 법
A38: 1. 유지관리지침서 및 기계설비 유지관리 및 성능점검 대상 현황표와의 적합여부를 참고하여 점검결과를 작성한다.
A39: 2. 점검결과에는 [적합 ○, 조치필요 ×, 해당없음 /]을 표기한다.
A40: 3. 현황사진에는 영 별표 7 제3호의 장비를 사용한 측정사진 및 측정데이터를 포함하여 첨부한다.
A41: 4. 자동제어 중앙감시반 등을 포함하여 작성한다.
A44: ① 유지관리 점검표 확인
A46: 구 분 | C46: 점검내용
A47: 점검 기준 | C47: - 해당 기계설비의 유지관리 점검표가 있는가 | Z47: · 유지관리 점검표 미작성, 내용 미비 | AF47: · 향후 유지관리 점검표 작성 권고 · 작성 내용 보완
C48: - 기계설비 유지관리기준 별지 제2호서식에 따라 적정하게 작성되었는가
C49: - 반기별 1회 이상 작성되었는가
Z50: · 구비서류 미비(준공도서, 운용 매뉴얼 등) | AF50: · 미비 서류 보완
A51: 현황 사진 | I51: 적합 | Q51: 미흡사항
A52: 유지관리 점검표 사진 | I52: 사진 | Q52: 사진
I60: 사유 : | K60: 기계설비유지관리 기준에 따라 반기별 1회 적정하게 작성되어 적합함 | Q60: 사유 : | Z60: · 기계설비 유지관리기준 별지 제2호서식에 따라 유지관리 점검표를 반기별 1회이상 작성, 보유하고 있으므로 적합함
A64: ② 기록장치 등 상태
A66: 구 분 | C66: 점검내용
A67: 점검 방법 | C67: - 운전자료 등을 기록할 수 있는 장치의 보유 및 정상작동 여부 확인
A69: 점검 기준 | C69: - 운전 이력 또는 경보 이력이 기록되는가 | Z69: · 저장 기록 없는 경우 | AE69: · 데이터 저장이 가능하도록 시스템 구성
A72: 현황 사진 | I72: 적합 | Q72: 미흡사항
A73: 사진 | I73: 사진 | Q73: 사진
I81: 사유 : | K81: 운전이력 또는 경보이력이 기록되므로 적합함 | Q81: 사유 :
A91: ③ 장비 및 시스템별 운전 적정 여부
A93: 구 분 | C93: 점검내용
A94: 점검 방법 | C94: - 자동제어 PC로 동작이 불가능한 장비가 있는가 | Z94: · 초기 자동제어 운전 시나리 오대로 운전되고 있지 않은 경우 | AE94: · 자동제어 시스템 보수
C95: - 반송설비(펌프, 송풍기 등) 가동 중 밸브 또는 댐퍼가 닫혀 있진 않는가
A97: 현황 사진 | I97: 적합 | Q97: 미흡사항
A98: 사진 | I98: 사진 | Q98: 사진 | Z98: · 실내 공급 풍량, 유량이 초기 설계값과 다를 경우 | AE98: · 밸브, 댐퍼로 조정이 가능 하다면 현장에서 조정
I106: 사유 : | K106: 장비 및 시스템별 운전이 적정하게 되고 있으므로 적합함 | Q106: 사유 :
A110: ④ 방화벽(최신 백신 업데이트 상태) 동작 상태
A112: 구 분 | C112: 점검내용
A113: 점검 방법 | C113: - 자동제어 PC에 방화벽 또는 백신이 동작하는가 | Z113: · 방화벽 미사용 | AE113: · 방화벽 설치
C114: - 방화벽 또는 백신이 최신 버전인가 | Z114: · 최신 버전이 아닌 경우 | AE114: · 백신 업데이트
A116: 현황 사진 | I116: 적합 | Q116: 미흡사항
A117: 사진 | I117: 사진 | Q117: 사진
I125: 사유 : | K125: 백신이 동작되며 최신 버전이므로 적합함 | Q125: 사유 :
A139: ⑤ 경보관리, 데이터 조회, 수집 및 분석
A141: 구 분 | C141: 점검내용
A142: 점검 방법 | C142: - 경보관리, 데이터 조회 및 수집이 되고 분석하여 적용하는지 여부 확인
A144: 점검 기준 | C144: - 경보 이력을 조회할 수 있는가 | Z144: · 경보이력 조회 불가 · 운전기록 조회 및 저장 불가 | AE144: · 자동제어 시스템 보수
C145: - 장비 운전 상태, 조건 등을 기록하고 조회할 수 있는가
A147: 현황 사진 | I147: 적합 | Q147: 미흡사항
A148: 사진 | I148: 사진 | Q148: 사진
I156: 사유 : | K156: 경보이력 및 장비운전 상태 조건 등을 기록 조회하고 있으므로 적합함 | Q156: 사유 :
A160: ⑥ BEMS 운영상태 확인
A162: 구 분 | C162: 점검내용
A163: 점검 방법 | C163: - BEMS 운영 상태 육안 점검
A165: 점검 기준 | C165: - BEMS 운영이 정상적으로 이루어지고 있는가 | Z165: · 이상 소음, 이상 진동이 발 생하는 경우 | AE165: · 유닛, 터미널 고정부위 보수
A168: 현황 사진 | I168: 적합 | Q168: 미흡사항 | AB168: · BEMS 미적용으로 해당 없음
A169: 사진 | I169: 사진 | Q169: 사진
I177: 사유 : | K177: BEMS 정상 운영 중이므로 적합함 | Q177: 사유 :
A187: ⑦ 원격검침시스템 운영상태 확인
A189: 구 분 | C189: 점검내용
A190: 점검 방법 | C190: -원격검침시스템 운영 상태 육안 점검
A192: 점검 기준 | C192: - 원격검침시스템 운영이 정상적으로 이루어지고 있는가 | Z192: · 이상 소음, 이상 진동이 발 생하는 경우 | AE192: · 유닛, 터미널 고정부위 보수
A195: 현황 사진 | I195: 적합 | Q195: 미흡사항
A196: 사진 | I196: 사진 | Q196: 사진
I204: 사유 : | K204: 원격검침시스템 정상 운영 중이므로 적합함 | Q204: 사유 :

Sheet 방음방진내진
A2: 방음‧방진‧내진 설비 성능점검표 | R2: 설비번호 | U2: 방음·방진·내진설비
R3: 용 도 | U3: 각종 장비
A4: 점검자 | C4: ='정보입력-Rev.2'!$C$9 -> 홍길동 | I4: 점검일자 | L4: ='정보입력-Rev.2'!$C$5&"."&'정보입력-Rev.2'!$E$5&"."&'정보입력-Rev.2'!$G$5&" ~ "&'정보입력-Rev.2'!$J$5&"."&'정보입력-Rev.2'!$L$5&"."&'정보입력-Rev.2'!$N$5 -> 2026.9.2 ~ 2026.9.2 | R4: 설치위치(No.) | U4: 기계실 등
A6: 구 분 | C6: 점검내용 | V6: 점검결과
A7: 점검 항목 | C7: ① 유지관리 점검표 확인 | V7: ○
C8: ② 장치 변형 및 변위 상태(10개소 내외) | V8: ○
C9: ③ 장비류, 배관류, 덕트류 등 소음 상태(10개소 내외) | V9: ○
A10: 조치 사항 | C10: < 미흡사항 >
C13: < 조치필요사항 >
A16: 현장 사진
A35: 비 고
A37: 작 성 방 법
A38: 1. 유지관리지침서 및 기계설비 유지관리 및 성능점검 대상 현황표와의 적합여부를 참고하여 점검결과를 작성한다.
A39: 2. 점검결과에는 [적합 ○, 조치필요 ×, 해당없음 /]을 표기한다.
A40: 3. 현황사진에는 영 별표 7 제3호의 장비를 사용한 측정사진 및 측정데이터를 포함하여 첨부한다.
A44: ① 유지관리 점검표 확인
A46: 구 분 | C46: 점검내용 | Z46: · 유지관리 점검표 미작성, 내용 미비 | AE46: · 향후 유지관리 점검표 작성 권고 · 작성 내용 보완
A47: 점검 기준 | C47: - 해당 기계설비의 유지관리 점검표가 있는가
C48: - 기계설비 유지관리기준 별지 제2호서식에 따라 적정하게 작성되었는가
C49: - 반기별 1회 이상 작성되었는가 | Z49: · 구비서류 미비(준공도서, 운용 매뉴얼 등) | AE49: · 미비 서류 보완
A51: 현황 사진 | I51: 적합 | Q51: 미흡사항
A52: 유지관리 점검표 사진 | I52: 사진 | Q52: 사진
I60: 사유 : | K60: 기계설비유지관리 기준에 따라 반기별 1회 적정하게 작성되어 적합함 | Q60: 사유 : | Z60: · 기계설비 유지관리기준 별지 제2호서식에 따라 유지관리 점검표를 반기별 1회이상 작성, 보유하고 있으므로 적합함
A64: ② 장치 변형 및 변위 상태(10개소 내외)
A66: 구 분 | C66: 점검내용
A67: 점검 방법 | C67: - 방음·방진·내진 설비 육안 점검
A69: 점검 기준 | C69: 방음 설비 (소음기) | I69: - 외관상 휘거나 충격 흔적이 없을 것 | Z69: · 방음, 방진, 내진 설비의 변형 및 변위가 발생한 경 우 | AE69: · 상태에 따라 보수 또는 교 체
I70: - 고정 볼트, 너트가 풀려있지 않을 것
C71: 방진 설비 | F71: 스프링 | I71: - 변위에 여유가 있을 것
F72: 고무 | I72: - 고무의 흠집, 크랙 발생 여부 (표면에서 1mm 이내의 흠집, 크랙은 정상으로 간주)
C74: 내진 설비 | I74: - 외관상 휘거나 충격 흔적이 없을 것
I75: - 고정 볼트, 너트가 풀려있지 않을 것
A77: 현황 사진 | I77: 적합 | Q77: 미흡사항
A78: 사진 | I78: 사진 | Q78: 사진
I86: 사유 : | K86: 방음·방진설비의 변형이 없고 변위에 여유가 있으므로 적정함 | Q86: 사유 :
A93: ③ 장비류, 배관류, 덕트류 등 소음 상태(10개소 내외)
A95: 구 분 | C95: 점검내용
A96: 점검 방법 | C96: - 기계실, 공조실 등 유지관리자가 유청하는 실 또는 구역에서 청음
C97: - 사무실 등의 실내공간에서의 소음 측정
C98: - 점검개소는 총 10개소 내외(청음 및 소음 측정)
A99: 점검 기준 | C99: - 장비류, 배관류, 덕트류 등에서 이상 소음이 발생하는가
C100: - 실내소음도가 기계설비 기술기준 [별표 12] 표1 실내허용소음기준 및 표2 NC 소음기준 별 중심주파수 음압레벨 이내인가 ※ 비고 참조 | Z100: · 장비류, 배관류, 덕트류 등에서 이상 소음이 발생 하는 경우 | AE100: · 원인파악 및 방음 방진설비 보수
Z103: · 해당 실 또는 구역이 소음 기준치를 초과하는 경우 | AE103: · 장비류, 배관류, 덕트 류 이상부위 보수
A104: 현황 사진 | I104: 적합 | Q104: 미흡사항
A105: 사진 | I105: 측정값 | M105: 측정값 | Q105: 측정값 | U105: 측정값
I109: 측정값 | M109: 측정값 | Q109: 측정값 | U109: 측정값
A111: 측정값 | E111: 측정값
I113: 사유 : | K113: 이상소음이 없고 실내소음 허용기준 이내로 적합함 | Q113: 사유 :
AA119: ※ 측정값이 4개 이상인 경우 미흡사항 부분 까지 활용해서 첨부할 것
A146: 방음방진 측정 기록표
A148: 측정내용 | F148: 측정위치 | K148: 기준값(dB) | P148: 측정값(dB) | U148: 비고
A149: 소음측정 | F149: B6F 기계실 | K149: 70 | P149: 69.2
F150: B1F 피트실 | K150: 70 | P150: 70.8
F151: B6F 기계실-1 | K151: 70 | P151: 63.1
F152: B6F 기계실-2 | K152: 70 | P152: 73.3
F153: B6F 기계실-3 | K153: 70 | P153: 74.5
F154: B6F 기계실-3 | K154: 70 | P154: 83.6
F155: B6F 기계실-3 | K155: 70 | P155: 72.2
F156: B6F 기계실-4 | K156: 70 | P156: 69.8
F157: B6F 기계실-5 | K157: 70 | P157: 78.3
F158: B1F 1번 공조기실-1 | K158: 70 | P158: 82.1
A159: 최종결과 및 분석의견 | F159: · 대부분 장비가 실내허용소음 공장기준치 70dB을 유지하고 있어 적합. · 일부 설비의 대상물 1m이내 근접 측정치는 실내소음 기준을 초과하지만, 실내는 방음자재 시공 조치를 통해 실외 소음 유출을 최소화 하고 있어 적합.
